Group,Pair,block,trial,test_trial,condition,angle,angle_condition,clockwise,cdim,time,frame,part,cursor_X,cursor_Y,distToTraject,speedX,speedY,keyPress,up,down,left,right,curve_part,id_distr
21,AB,1,10,False,1,270,1,1,"[1, 0]",1.9073486328125e-05,1,0,960,1000,0.0,0,0,0,0,0,0,0,0
21,AB,1,10,False,1,270,1,1,"[1, 0]",0.01581716537475586,2,0,960.0,1000.0,0.0,0,0,0,0,0,0,0,0
21,AB,1,10,False,1,270,1,1,"[1, 0]",0.03192615509033203,3,0,960.0,1000.0,0.0,0,0,0,0,0,0,0,0
21,AB,1,10,False,1,270,1,1,"[1, 0]",0.04780220985412598,4,0,960.0,1000.0,0.0,0,0,0,0,0,0,0,0
21,AB,1,10,False,1,270,1,1,"[1, 0]",0.06368613243103027,5,0,960.0,1000.0,0.0,0,0,0,0,0,0,0,0
21,AB,1,10,False,1,270,1,1,"[1, 0]",0.07964420318603516,6,0,960.0,1000.0,0.0,0,0,0,0,0,0,0,0
21,AB,1,10,False,1,270,1,1,"[1, 0]",0.09553813934326172,7,0,960.0,1000.0,0.0,0,0,0,0,0,0,0,0
21,AB,1,10,False,1,270,1,1,"[1, 0]",0.11153912544250488,8,0,960.0,1000.0,0.0,0,0,0,0,0,0,0,0
21,AB,1,10,False,1,270,1,1,"[1, 0]",0.1284351348876953,9,0,960.0,1000.0,0.0,0,0,0,0,0,0,0,0
21,AB,1,10,False,1,270,1,1,"[1, 0]",0.1445322036743164,10,0,960.0,1000.0,0.0,0,0,0,0,0,0,0,0
21,AB,1,10,False,1,270,1,1,"[1, 0]",0.16133999824523926,11,0,960.0,1000.0,0.0,0,0,0,0,0,0,0,0
21,AB,1,10,False,1,270,1,1,"[1, 0]",0.17705821990966797,12,0,960.0,1000.0,0.0,0,0,0,0,0,0,0,0
21,AB,1,10,False,1,270,1,1,"[1, 0]",0.19275212287902832,13,0,960.0,1000.0,0.0,0,0,0,0,0,0,0,0
21,AB,1,10,False,1,270,1,1,"[1, 0]",0.2094571590423584,14,0,960.0,1000.0,0.0,0,0,0,0,0,0,0,0
21,AB,1,10,False,1,270,1,1,"[1, 0]",0.22617316246032715,15,0,960.0,1000.0,0.0,0,0,0,0,0,0,0,0
21,AB,1,10,False,1,270,1,1,"[1, 0]",0.24189019203186035,16,0,960.0,1000.0,0.0,0,0,0,0,0,0,0,0
21,AB,1,10,False,1,270,1,1,"[1, 0]",0.2576022148132324,17,0,960.0,1000.0,0.0,0,0,0,0,0,0,0,0
21,AB,1,10,False,1,270,1,1,"[1, 0]",0.2736690044403076,18,0,960.0,1000.0,0.0,0,0,0,0,0,0,0,0
21,AB,1,10,False,1,270,1,1,"[1, 0]",0.29041600227355957,19,0,960.0,1000.0,0.0,0,0,0,0,0,0,0,0
21,AB,1,10,False,1,270,1,1,"[1, 0]",0.3074781894683838,20,0,960.0,1000.0,0.0,0,0,0,0,0,0,0,0
21,AB,1,10,False,1,270,1,1,"[1, 0]",0.3243081569671631,21,0,960.0,1000.0,0.0,0,0,0,0,0,0,0,0
21,AB,1,10,False,1,270,1,1,"[1, 0]",0.3399670124053955,22,0,960.0,1000.0,0.0,0,0,0,0,0,0,0,0
21,AB,1,10,False,1,270,1,1,"[1, 0]",0.3558931350708008,23,0,960.0,1000.0,0.0,0,0,0,0,0,0,0,0
21,AB,1,10,False,1,270,1,1,"[1, 0]",0.3718101978302002,24,0,960.0,1000.0,0.0,0,0,0,0,0,0,0,0
21,AB,1,10,False,1,270,1,1,"[1, 0]",0.3876640796661377,25,0,960.0,1000.0,0.0,0,0,0,0,0,0,0,0
21,AB,1,10,False,1,270,1,1,"[1, 0]",0.4035160541534424,26,0,960.0,1000.0,0.0,0,0,0,0,0,0,0,0
21,AB,1,10,False,1,270,1,1,"[1, 0]",0.4203681945800781,27,0,960.0,1000.0,0.0,0,0,0,0,0,0,0,0
21,AB,1,10,False,1,270,1,1,"[1, 0]",0.4358961582183838,28,0,960.0,1000.0,0.0,0,0,0,0,0,0,0,0
21,AB,1,10,False,1,270,1,1,"[1, 0]",0.45179200172424316,29,0,960.0,1000.0,0.0,0,0,0,0,0,0,0,0
21,AB,1,10,False,1,270,1,1,"[1, 0]",0.4676930904388428,30,0,960.0,1000.0,0.0,0,0,0,0,0,0,0,0
21,AB,1,10,False,1,270,1,1,"[1, 0]",0.4843480587005615,31,0,960.0,1000.0,0.0,0,0,0,0,0,0,0,0
21,AB,1,10,False,1,270,1,1,"[1, 0]",0.5004391670227051,32,0,960.0,1000.0,0.0,0,0,0,0,0,0,0,0
21,AB,1,10,False,1,270,1,1,"[1, 0]",0.5172350406646729,33,0,960.0,1000.0,0.0,0,0,0,0,0,0,0,0
21,AB,1,10,False,1,270,1,1,"[1, 0]",0.5333421230316162,34,0,960.0,1000.0,0.0,0,0,0,0,0,0,0,0
21,AB,1,10,False,1,270,1,1,"[1, 0]",0.5494551658630371,35,0,960.0,1000.0,0.0,0,0,0,0,0,0,0,0
21,AB,1,10,False,1,270,1,1,"[1, 0]",0.565587043762207,36,0,960.0,1000.0,0.0,0,0,0,0,0,0,0,0
21,AB,1,10,False,1,270,1,1,"[1, 0]",0.5816500186920166,37,0,960.0,1000.0,0.0,0,0,0,0,0,0,0,0
21,AB,1,10,False,1,270,1,1,"[1, 0]",0.5977120399475098,38,0,960.0,1000.0,0.0,0,0,0,0,0,0,0,0
21,AB,1,10,False,1,270,1,1,"[1, 0]",0.6144251823425293,39,0,960.0,1000.0,0.0,0,0,0,0,0,0,0,0
21,AB,1,10,False,1,270,1,1,"[1, 0]",0.6306791305541992,40,0,960.0,1000.0,0.0,0,0,0,0,0,0,0,0
21,AB,1,10,False,1,270,1,1,"[1, 0]",0.6465580463409424,41,0,960.0,1000.0,0.0,0,0,0,0,0,0,0,0
21,AB,1,10,False,1,270,1,1,"[1, 0]",0.6634280681610107,42,0,960.0,1000.0,0.0,0,0,0,0,0,0,0,0
21,AB,1,10,False,1,270,1,1,"[1, 0]",0.6802260875701904,43,0,960.0,1000.0,0.0,0,0,0,0,0,0,0,0
21,AB,1,10,False,1,270,1,1,"[1, 0]",0.6960132122039795,44,0,960.0,1000.0,0.0,0,0,0,0,0,0,0,0
21,AB,1,10,False,1,270,1,1,"[1, 0]",0.7116880416870117,45,0,960.0,1000.0,0.0,0,0,0,0,0,0,0,0
21,AB,1,10,False,1,270,1,1,"[1, 0]",0.7284641265869141,46,0,960.0,1000.0,0.0,0,0,0,0,0,0,0,0
21,AB,1,10,False,1,270,1,1,"[1, 0]",0.7446460723876953,47,0,960.0,1000.0,0.0,0,0,0,0,0,0,0,0
21,AB,1,10,False,1,270,1,1,"[1, 0]",0.7604961395263672,48,0,960.0,1000.0,0.0,0,0,0,0,0,0,0,0
21,AB,1,10,False,1,270,1,1,"[1, 0]",0.777393102645874,49,0,960.0,1000.0,0.0,0,0,0,0,0,0,0,0
21,AB,1,10,False,1,270,1,1,"[1, 0]",0.7942290306091309,50,0,960.0,1000.0,0.0,0,0,0,0,0,0,0,0
21,AB,1,10,False,1,270,1,1,"[1, 0]",0.8100481033325195,51,0,960.0,1000.0,0.0,0,0,0,0,0,0,0,0
21,AB,1,10,False,1,270,1,1,"[1, 0]",0.8256890773773193,52,0,960.0,1000.0,0.0,0,0,0,0,0,0,0,0
21,AB,1,10,False,1,270,1,1,"[1, 0]",0.8423001766204834,53,0,960.0,1000.0,0.0,0,0,0,0,0,0,0,0
21,AB,1,10,False,1,270,1,1,"[1, 0]",0.8577940464019775,54,0,960.0,1000.0,0.0,0,-0.2,1,1,0,0,0,0
21,AB,1,10,False,1,270,1,1,"[1, 0]",0.8734312057495117,55,0,960.0,999.8,0.0,0,-0.2,0,0,0,0,0,0
21,AB,1,10,False,1,270,1,1,"[1, 0]",0.8900530338287354,56,0,960.0,999.5999999999999,0.0,0,-0.2,0,0,0,0,0,0
21,AB,1,10,False,1,270,1,1,"[1, 0]",0.9056851863861084,57,0,960.0,999.3999999999999,1.0,0,-0.2,0,0,0,0,0,0
21,AB,1,10,False,1,270,1,1,"[1, 0]",0.9214751720428467,58,0,960.0,999.1999999999998,1.0,0,-0.2,0,0,0,0,0,0
21,AB,1,10,False,1,270,1,1,"[1, 0]",0.9381082057952881,59,0,960.0,998.9999999999998,1.0,0,-0.2,0,0,0,0,0,0
21,AB,1,10,False,1,270,1,1,"[1, 0]",0.9538462162017822,60,0,960.0,998.7999999999997,1.0,0,-0.2,0,0,0,0,0,0
21,AB,1,10,False,1,270,1,1,"[1, 0]",0.9694681167602539,61,0,960.0,998.5999999999997,1.0,0,-0.2,0,0,0,0,0,0
21,AB,1,10,False,1,270,1,1,"[1, 0]",0.9861111640930176,62,0,960.0,998.3999999999996,1.0,0,-0.2,0,0,0,0,0,0
21,AB,1,10,False,1,270,1,1,"[1, 0]",1.0018000602722168,63,0,960.0,998.1999999999996,1.0,0,-0.4,1,1,0,0,0,0
21,AB,1,10,False,1,270,1,1,"[1, 0]",1.017853021621704,64,0,960.0,997.7999999999996,1.0,0,-0.4,0,0,0,0,0,0
21,AB,1,10,False,1,270,1,1,"[1, 0]",1.0338630676269531,65,0,960.0,997.3999999999996,0.0,0,-0.4,0,0,0,0,0,0
21,AB,1,10,False,1,270,1,1,"[1, 0]",1.049875020980835,66,0,960.0,996.9999999999997,0.0,0,-0.4,0,0,0,0,0,0
21,AB,1,10,False,1,270,1,1,"[1, 0]",1.0659630298614502,67,0,960.0,996.5999999999997,0.0,0,-0.4,0,0,0,0,0,0
21,AB,1,10,False,1,270,1,1,"[1, 0]",1.0820400714874268,68,0,960.0,996.1999999999997,1.0,0,-0.4,0,0,0,0,0,0
21,AB,1,10,False,1,270,1,1,"[1, 0]",1.0980641841888428,69,0,960.0,995.7999999999997,1.0,0,-0.4,0,0,0,0,0,0
21,AB,1,10,False,1,270,1,1,"[1, 0]",1.1141371726989746,70,0,960.0,995.3999999999997,0.0,0,-0.4,0,0,0,0,0,0
21,AB,1,10,False,1,270,1,1,"[1, 0]",1.1302130222320557,71,0,960.0,994.9999999999998,0.0,0,-0.4,0,0,0,0,0,0
21,AB,1,10,False,1,270,1,1,"[1, 0]",1.1463022232055664,72,0,960.0,994.5999999999998,0.0,0,-0.6000000000000001,1,1,0,0,0,0
21,AB,1,10,False,1,270,1,1,"[1, 0]",1.1623971462249756,73,0,960.0,993.9999999999998,1.0,0,-0.6000000000000001,0,0,0,0,0,0
21,AB,1,10,False,1,270,1,1,"[1, 0]",1.179396152496338,74,0,960.0,993.3999999999997,0.0,0,-0.6000000000000001,0,0,0,0,0,0
21,AB,1,10,False,1,270,1,1,"[1, 0]",1.1964690685272217,75,0,960.0,992.7999999999997,0.0,0,-0.6000000000000001,0,0,0,0,0,0
21,AB,1,10,False,1,270,1,1,"[1, 0]",1.2125451564788818,76,0,960.0,992.1999999999997,1.0,0,-0.6000000000000001,0,0,0,0,0,0
21,AB,1,10,False,1,270,1,1,"[1, 0]",1.2286341190338135,77,0,960.0,991.5999999999997,1.0,0,-0.6000000000000001,0,0,0,0,0,0
21,AB,1,10,False,1,270,1,1,"[1, 0]",1.2448701858520508,78,0,960.0,990.9999999999997,1.0,0,-0.6000000000000001,0,0,0,0,0,0
21,AB,1,10,False,1,270,1,1,"[1, 0]",1.2605290412902832,79,0,960.0,990.3999999999996,0.0,0,-0.6000000000000001,0,0,0,0,0,0
21,AB,1,10,False,1,270,1,1,"[1, 0]",1.2772932052612305,80,0,960.0,989.7999999999996,0.0,0,-0.6000000000000001,0,0,0,0,0,0
21,AB,1,10,False,1,270,1,1,"[1, 0]",1.2925541400909424,81,0,960.0,989.1999999999996,1.0,0,-0.6000000000000001,0,0,0,0,0,0
21,AB,1,10,False,1,270,1,1,"[1, 0]",1.3093030452728271,82,0,960.0,988.5999999999996,1.0,0,-0.6000000000000001,0,0,0,0,0,0
21,AB,1,10,False,1,270,1,1,"[1, 0]",1.325120210647583,83,0,960.0,987.9999999999995,0.0,0,-0.8,1,1,0,0,0,0
21,AB,1,10,False,1,270,1,1,"[1, 0]",1.3413081169128418,84,0,960.0,987.1999999999996,1.0,0,-0.8,0,0,0,0,0,0
21,AB,1,10,False,1,270,1,1,"[1, 0]",1.3569340705871582,85,0,960.0,986.3999999999996,0.0,0,-0.8,0,0,0,0,0,0
21,AB,1,10,False,1,270,1,1,"[1, 0]",1.3725471496582031,86,0,960.0,985.5999999999997,0.0,0,-0.8,0,0,0,0,0,0
21,AB,1,10,False,1,270,1,1,"[1, 0]",1.3892991542816162,87,0,960.0,984.7999999999997,1.0,0,-0.8,0,0,0,0,0,0
21,AB,1,10,False,1,270,1,1,"[1, 0]",1.4053740501403809,88,0,960.0,983.9999999999998,1.0,0,-0.8,0,0,0,0,0,0
21,AB,1,10,False,1,270,1,1,"[1, 0]",1.4214160442352295,89,0,960.0,983.1999999999998,0.0,0,-0.8,0,0,0,0,0,0
21,AB,1,10,False,1,270,1,1,"[1, 0]",1.4384701251983643,90,0,960.0,982.3999999999999,1.0,0,-0.8,0,0,0,0,0,0
21,AB,1,10,False,1,270,1,1,"[1, 0]",1.4545252323150635,91,0,960.0,981.5999999999999,1.0,0,-0.8,0,0,0,0,0,0
21,AB,1,10,False,1,270,1,1,"[1, 0]",1.4706041812896729,92,0,960.0,980.8,0.0,0,-0.8,0,0,0,0,0,0
21,AB,1,10,False,1,270,1,1,"[1, 0]",1.4867510795593262,93,0,960.0,980.0,1.0,0,-1.0,1,1,0,0,0,0
21,AB,1,10,False,1,270,1,1,"[1, 0]",1.503425121307373,94,0,960.0,979.0,0.0,0,-1.0,0,0,0,0,0,0
21,AB,1,10,False,1,270,1,1,"[1, 0]",1.5201530456542969,95,0,960.0,978.0,1.0,0,-1.0,0,0,0,0,0,0
21,AB,1,10,False,1,270,1,1,"[1, 0]",1.5361950397491455,96,0,960.0,977.0,0.0,0,-1.0,0,0,0,0,0,0
21,AB,1,10,False,1,270,1,1,"[1, 0]",1.5519051551818848,97,0,960.0,976.0,1.0,0,-1.0,0,0,0,0,0,0
21,AB,1,10,False,1,270,1,1,"[1, 0]",1.5676031112670898,98,0,960.0,975.0,1.0,0,-1.0,0,0,0,0,0,0
21,AB,1,10,False,1,270,1,1,"[1, 0]",1.5843122005462646,99,0,960.0,974.0,0.0,0,-1.0,0,0,0,0,0,0
21,AB,1,10,False,1,270,1,1,"[1, 0]",1.6003851890563965,100,0,960.0,973.0,1.0,0,-1.0,0,0,0,0,0,0
21,AB,1,10,False,1,270,1,1,"[1, 0]",1.616610050201416,101,0,960.0,972.0,0.0,0,-1.0,0,0,0,0,0,0
21,AB,1,10,False,1,270,1,1,"[1, 0]",1.6324741840362549,102,0,960.0,971.0,1.0,0,-1.2,1,1,0,0,0,0
21,AB,1,10,False,1,270,1,1,"[1, 0]",1.6493971347808838,103,0,960.0,969.8,0.0,0,-1.2,0,0,0,0,0,0
21,AB,1,10,False,1,270,1,1,"[1, 0]",1.6661670207977295,104,0,960.0,968.5999999999999,1.0,0,-1.2,0,0,0,0,0,0
21,AB,1,10,False,1,270,1,1,"[1, 0]",1.681920051574707,105,0,960.0,967.3999999999999,0.0,0,-1.2,0,0,0,0,0,0
21,AB,1,10,False,1,270,1,1,"[1, 0]",1.6975700855255127,106,0,960.0,966.1999999999998,1.0,0,-1.2,0,0,0,0,0,0
21,AB,1,10,False,1,270,1,1,"[1, 0]",1.7142140865325928,107,0,960.0,964.9999999999998,0.0,0,-1.2,0,0,0,0,0,0
21,AB,1,10,False,1,270,1,1,"[1, 0]",1.7299251556396484,108,0,960.0,963.7999999999997,1.0,0,-1.2,0,0,0,0,0,0
21,AB,1,10,False,1,270,1,1,"[1, 0]",1.746000051498413,109,0,960.0,962.5999999999997,0.0,0,-1.2,0,0,0,0,0,0
21,AB,1,10,False,1,270,1,1,"[1, 0]",1.7620680332183838,110,0,960.0,961.3999999999996,1.0,0,-1.2,0,0,0,0,0,0
21,AB,1,10,False,1,270,1,1,"[1, 0]",1.778088092803955,111,0,960.0,960.1999999999996,0.0,0,-1.2,0,0,0,0,0,0
21,AB,1,10,False,1,270,1,1,"[1, 0]",1.7941241264343262,112,0,960.0,958.9999999999995,1.0,0,-1.2,0,0,0,0,0,0
21,AB,1,10,False,1,270,1,1,"[1, 0]",1.8101980686187744,113,0,960.0,957.7999999999995,0.0,0,-1.4,1,1,0,0,0,0
21,AB,1,10,False,1,270,1,1,"[1, 0]",1.8262770175933838,114,0,960.0,956.3999999999995,0.0,0,-1.4,0,0,0,0,0,0
21,AB,1,10,False,1,270,1,1,"[1, 0]",1.8423211574554443,115,0,960.0,954.9999999999995,1.0,0,-1.4,0,0,0,0,0,0
21,AB,1,10,False,1,270,1,1,"[1, 0]",1.858370065689087,116,0,960.0,953.5999999999996,0.0,0,-1.4,0,0,0,0,0,0
21,AB,1,10,False,1,270,1,1,"[1, 0]",1.8744502067565918,117,0,960.0,952.1999999999996,1.0,0,-1.4,0,0,0,0,0,0
21,AB,1,10,False,1,270,1,1,"[1, 0]",1.89149808883667,118,0,960.0,950.7999999999996,0.0,0,-1.4,0,0,0,0,0,0
21,AB,1,10,False,1,270,1,1,"[1, 0]",1.9077551364898682,119,0,960.0,949.3999999999996,0.0,0,-1.4,0,0,0,0,0,0
21,AB,1,10,False,1,270,1,1,"[1, 0]",1.9235951900482178,120,0,960.0,947.9999999999997,1.0,0,-1.4,0,0,0,0,0,0
21,AB,1,10,False,1,270,1,1,"[1, 0]",1.9402611255645752,121,0,960.0,946.5999999999997,0.0,0,-1.4,0,0,0,0,0,0
21,AB,1,10,False,1,270,1,1,"[1, 0]",1.9559221267700195,122,0,960.0,945.1999999999997,1.0,0,-1.4,0,0,0,0,0,0
21,AB,1,10,False,1,270,1,1,"[1, 0]",1.9716520309448242,123,0,960.0,943.7999999999997,0.0,0,-1.4,0,0,0,0,0,0
21,AB,1,10,False,1,270,1,1,"[1, 0]",1.9887681007385254,124,0,960.0,942.3999999999997,0.0,0,-1.4,0,0,0,0,0,0
21,AB,1,10,False,1,270,1,1,"[1, 0]",2.005068063735962,125,0,960.0,940.9999999999998,1.0,0,-1.5999999999999999,1,1,0,0,0,0
21,AB,1,10,False,1,270,1,1,"[1, 0]",2.0207722187042236,126,0,960.0,939.3999999999997,1.0,0,-1.5999999999999999,0,0,0,0,0,0
21,AB,1,10,False,1,270,1,1,"[1, 0]",2.037410020828247,127,0,960.0,937.7999999999997,1.0,0,-1.5999999999999999,0,0,0,0,0,0
21,AB,1,10,False,1,270,1,1,"[1, 0]",2.0542080402374268,128,0,960.0,936.1999999999997,1.0,0,-1.5999999999999999,0,0,0,0,0,0
21,AB,1,10,False,1,270,1,1,"[1, 0]",2.0699691772460938,129,0,960.0,934.5999999999997,0.0,0,-1.5999999999999999,0,0,0,0,0,0
21,AB,1,10,False,1,270,1,1,"[1, 0]",2.0856270790100098,130,0,960.0,932.9999999999997,0.0,0,-1.5999999999999999,0,0,0,0,0,0
21,AB,1,10,False,1,270,1,1,"[1, 0]",2.102250099182129,131,0,960.0,931.3999999999996,0.0,0,-1.5999999999999999,0,0,0,0,0,0
21,AB,1,10,False,1,270,1,1,"[1, 0]",2.1179652214050293,132,0,960.0,929.7999999999996,1.0,0,-1.5999999999999999,0,0,0,0,0,0
21,AB,1,10,False,1,270,1,1,"[1, 0]",2.134035110473633,133,0,960.0,928.1999999999996,0.0,0,-1.5999999999999999,0,0,0,0,0,0
21,AB,1,10,False,1,270,1,1,"[1, 0]",2.1500802040100098,134,0,960.0,926.5999999999996,1.0,0,-1.5999999999999999,0,0,0,0,0,0
21,AB,1,10,False,1,270,1,1,"[1, 0]",2.1662471294403076,135,0,960.0,924.9999999999995,1.0,0,-1.7999999999999998,1,1,0,0,0,0
21,AB,1,10,False,1,270,1,1,"[1, 0]",2.181892156600952,136,0,960.0,923.1999999999996,1.0,0,-1.7999999999999998,0,0,0,0,0,0
21,AB,1,10,False,1,270,1,1,"[1, 0]",2.197573184967041,137,0,960.0,921.3999999999996,0.0,0,-1.7999999999999998,0,0,0,0,0,0
21,AB,1,10,False,1,270,1,1,"[1, 0]",2.2142140865325928,138,0,960.0,919.5999999999997,1.0,0,-1.7999999999999998,0,0,0,0,0,0
21,AB,1,10,False,1,270,1,1,"[1, 0]",2.2299840450286865,139,0,960.0,917.7999999999997,1.0,0,-1.7999999999999998,0,0,0,0,0,0
21,AB,1,10,False,1,270,1,1,"[1, 0]",2.245629072189331,140,0,960.0,915.9999999999998,1.0,0,-1.7999999999999998,0,0,0,0,0,0
21,AB,1,10,False,1,270,1,1,"[1, 0]",2.2622621059417725,141,0,960.0,914.1999999999998,0.0,0,-1.7999999999999998,0,0,0,0,0,0
21,AB,1,10,False,1,270,1,1,"[1, 0]",2.2779881954193115,142,0,960.0,912.3999999999999,0.0,0,-1.7999999999999998,0,0,0,0,0,0
21,AB,1,10,False,1,270,1,1,"[1, 0]",2.2936620712280273,143,0,960.0,910.5999999999999,1.0,0,-1.7999999999999998,0,0,0,0,0,0
21,AB,1,10,False,1,270,1,1,"[1, 0]",2.3103761672973633,144,0,960.0,908.8,1.0,0,-1.7999999999999998,0,0,0,0,0,0
21,AB,1,10,False,1,270,1,1,"[1, 0]",2.326432228088379,145,0,960.0,907.0,1.0,0,-1.7999999999999998,0,0,0,0,0,0
21,AB,1,10,False,1,270,1,1,"[1, 0]",2.342705011367798,146,0,960.0,905.2,0.0,0,-1.7999999999999998,0,0,0,0,0,0
21,AB,1,10,False,1,270,1,1,"[1, 0]",2.359328031539917,147,0,960.0,903.4000000000001,0.0,0,-1.9999999999999998,1,1,0,0,0,0
21,AB,1,10,False,1,270,1,1,"[1, 0]",2.375221014022827,148,0,960.0,901.4000000000001,0.0,0,-1.9999999999999998,0,0,0,0,0,0
21,AB,1,10,False,1,270,1,1,"[1, 0]",2.390902042388916,149,0,960.0,899.4000000000001,1.0,0,-1.9999999999999998,0,0,0,0,0,0
21,AB,1,10,False,1,270,1,1,"[1, 0]",2.406567096710205,150,0,960.0,897.4000000000001,1.0,0,-1.9999999999999998,0,0,0,0,0,0
21,AB,1,10,False,1,270,1,1,"[1, 0]",2.423274040222168,151,0,960.0,895.4000000000001,1.0,0,-1.9999999999999998,0,0,0,0,0,0
21,AB,1,10,False,1,270,1,1,"[1, 0]",2.438547134399414,152,0,960.0,893.4000000000001,1.0,0,-1.9999999999999998,0,0,0,0,0,0
21,AB,1,10,False,1,270,1,1,"[1, 0]",2.455221176147461,153,0,960.0,891.4000000000001,0.0,0,-1.9999999999999998,0,0,0,0,0,0
21,AB,1,10,False,1,270,1,1,"[1, 0]",2.470931053161621,154,0,960.0,889.4000000000001,0.0,0,-1.9999999999999998,0,0,0,0,0,0
21,AB,1,10,False,1,270,1,1,"[1, 0]",2.486751079559326,155,0,960.0,887.4000000000001,0.0,0,-1.9999999999999998,0,0,0,0,0,0
21,AB,1,10,False,1,270,1,1,"[1, 0]",2.502869129180908,156,0,960.0,885.4000000000001,0.0,0,-1.9999999999999998,0,0,0,0,0,0
21,AB,1,10,False,1,270,1,1,"[1, 0]",2.518540143966675,157,0,960.0,883.4000000000001,1.0,0,-1.9999999999999998,0,0,0,0,0,0
21,AB,1,10,False,1,270,1,1,"[1, 0]",2.5352580547332764,158,0,960.0,881.4000000000001,1.0,0,-1.9999999999999998,0,0,0,0,0,0
21,AB,1,10,False,1,270,1,1,"[1, 0]",2.5504941940307617,159,0,960.0,879.4000000000001,1.0,0,-2.1999999999999997,1,1,0,0,0,0
21,AB,1,10,False,1,270,1,1,"[1, 0]",2.5671632289886475,160,0,960.0,877.2,1.0,0,-2.1999999999999997,0,0,0,0,0,0
21,AB,1,10,False,1,270,1,1,"[1, 0]",2.5827581882476807,161,0,960.0,875.0,0.0,0,-2.1999999999999997,0,0,0,0,0,0
21,AB,1,10,False,1,270,1,1,"[1, 0]",2.599417209625244,162,0,960.0,872.8,0.0,0,-2.1999999999999997,0,0,0,0,0,0
21,AB,1,10,False,1,270,1,1,"[1, 0]",2.6164541244506836,163,0,960.0,870.5999999999999,0.0,0,-2.1999999999999997,0,0,0,0,0,0
21,AB,1,10,False,1,270,1,1,"[1, 0]",2.6326651573181152,164,0,960.0,868.3999999999999,0.0,0,-2.1999999999999997,0,0,0,0,0,0
21,AB,1,10,False,1,270,1,1,"[1, 0]",2.6493301391601562,165,0,960.0,866.1999999999998,0.0,0,-2.1999999999999997,0,0,0,0,0,0
21,AB,1,10,False,1,270,1,1,"[1, 0]",2.6651642322540283,166,0,960.0,863.9999999999998,0.0,0,-2.1999999999999997,0,0,0,0,0,0
21,AB,1,10,False,1,270,1,1,"[1, 0]",2.6807870864868164,167,0,960.0,861.7999999999997,0.0,0,-2.1999999999999997,0,0,0,0,0,0
21,AB,1,10,False,1,270,1,1,"[1, 0]",2.697418212890625,168,0,960.0,859.5999999999997,1.0,0,-2.1999999999999997,0,0,0,0,0,0
21,AB,1,10,False,1,270,1,1,"[1, 0]",2.71419620513916,169,0,960.0,857.3999999999996,0.0,0,-2.1999999999999997,0,0,0,0,0,0
21,AB,1,10,False,1,270,1,1,"[1, 0]",2.7300450801849365,170,0,960.0,855.1999999999996,0.0,0,-2.1999999999999997,0,0,0,0,0,0
21,AB,1,10,False,1,270,1,1,"[1, 0]",2.7456741333007812,171,0,960.0,852.9999999999995,1.0,0,-2.1999999999999997,0,0,0,0,0,0
21,AB,1,10,False,1,270,1,1,"[1, 0]",2.762312173843384,172,0,960.0,850.7999999999995,1.0,0,-2.1999999999999997,0,0,0,0,0,0
21,AB,1,10,False,1,270,1,1,"[1, 0]",2.778024196624756,173,0,960.0,848.5999999999995,1.0,0,-2.1999999999999997,0,0,0,0,0,0
21,AB,1,10,False,1,270,1,1,"[1, 0]",2.793673038482666,174,0,960.0,846.3999999999994,1.0,0,-2.1999999999999997,0,0,0,0,0,0
21,AB,1,10,False,1,270,1,1,"[1, 0]",2.810368061065674,175,0,960.0,844.1999999999994,1.0,0,-2.1999999999999997,0,0,0,0,0,0
21,AB,1,10,False,1,270,1,1,"[1, 0]",2.82568621635437,176,0,960.0,841.9999999999993,1.0,0,-2.1999999999999997,0,0,0,0,0,0
21,AB,1,10,False,1,270,1,1,"[1, 0]",2.842393159866333,177,0,960.0,839.7999999999993,1.0,0,-2.1999999999999997,0,0,0,0,0,0
21,AB,1,10,False,1,270,1,1,"[1, 0]",2.859387159347534,178,0,960.0,837.5999999999992,1.0,0.2,-2.1999999999999997,1,0,0,0,1,0
21,AB,1,10,False,1,270,1,1,"[1, 0]",2.8762660026550293,179,0,960.2,835.3999999999992,1.0,0.2,-2.1999999999999997,0,0,0,0,0,0
21,AB,1,10,False,1,270,1,1,"[1, 0]",2.8922181129455566,180,0,960.4000000000001,833.1999999999991,1.0,0.2,-2.1999999999999997,0,0,0,0,0,0
21,AB,1,10,False,1,270,1,1,"[1, 0]",2.9079341888427734,181,0,960.6000000000001,830.9999999999991,1.0,0.2,-2.1999999999999997,0,0,0,0,0,0
21,AB,1,10,False,1,270,1,1,"[1, 0]",2.9236881732940674,182,0,960.8000000000002,828.799999999999,1.0,0.2,-2.1999999999999997,0,0,0,0,0,0
21,AB,1,10,False,1,270,1,1,"[1, 0]",2.939613103866577,183,0,961.0000000000002,826.599999999999,1.0,0.2,-2.1999999999999997,0,0,0,0,0,0
21,AB,1,10,False,1,270,1,1,"[1, 0]",2.9557251930236816,184,0,961.2000000000003,824.399999999999,1.0,0.2,-2.1999999999999997,0,0,0,0,0,0
21,AB,1,10,False,1,270,1,1,"[1, 0]",2.9718780517578125,185,0,961.4000000000003,822.1999999999989,1.0,0.4,-1.9999999999999998,1,0,1,0,1,0
21,AB,1,10,False,1,270,1,1,"[1, 0]",2.9889750480651855,186,0,961.8000000000003,820.1999999999989,2.0,0.4,-1.9999999999999998,0,0,0,0,0,0
21,AB,1,10,False,1,270,1,1,"[1, 0]",3.0051040649414062,187,0,962.2000000000003,818.1999999999989,2.0,0.4,-1.9999999999999998,0,0,0,0,0,0
21,AB,1,10,False,1,270,1,1,"[1, 0]",3.0207691192626953,188,0,962.6000000000003,816.1999999999989,3.0,0.4,-1.9999999999999998,0,0,0,0,0,0
21,AB,1,10,False,1,270,1,1,"[1, 0]",3.0365161895751953,189,0,963.0000000000002,814.1999999999989,3.0,0.4,-1.9999999999999998,0,0,0,0,0,0
21,AB,1,10,False,1,270,1,1,"[1, 0]",3.053415060043335,190,0,963.4000000000002,812.1999999999989,3.0,0.4,-1.9999999999999998,0,0,0,0,0,0
21,AB,1,10,False,1,270,1,1,"[1, 0]",3.0705130100250244,191,0,963.8000000000002,810.1999999999989,4.0,0.4,-1.9999999999999998,0,0,0,0,0,0
21,AB,1,10,False,1,270,1,1,"[1, 0]",3.0867581367492676,192,0,964.2000000000002,808.1999999999989,4.0,0.4,-1.9999999999999998,0,0,0,0,0,0
21,AB,1,10,False,1,270,1,1,"[1, 0]",3.1034090518951416,193,0,964.6000000000001,806.1999999999989,5.0,0.4,-1.9999999999999998,0,0,0,0,0,0
21,AB,1,10,False,1,270,1,1,"[1, 0]",3.1202991008758545,194,0,965.0000000000001,804.1999999999989,5.0,0.6000000000000001,-1.9999999999999998,1,0,0,0,1,0
21,AB,1,10,False,1,270,1,1,"[1, 0]",3.136153221130371,195,0,965.6000000000001,802.1999999999989,6.0,0.6000000000000001,-1.7999999999999998,1,0,1,0,0,0
21,AB,1,10,False,1,270,1,1,"[1, 0]",3.151905059814453,196,0,966.2000000000002,800.399999999999,6.0,0.6000000000000001,-1.7999999999999998,0,0,0,0,0,0
21,AB,1,10,False,1,270,1,1,"[1, 0]",3.167720079421997,197,0,966.8000000000002,798.599999999999,7.0,0.6000000000000001,-1.7999999999999998,0,0,0,0,0,0
21,AB,1,10,False,1,270,1,1,"[1, 0]",3.1825830936431885,198,0,967.4000000000002,796.799999999999,7.0,0.6000000000000001,-1.7999999999999998,0,0,0,0,0,0
21,AB,1,10,False,1,270,1,1,"[1, 0]",3.1986770629882812,199,0,968.0000000000002,794.9999999999991,8.0,0.6000000000000001,-1.7999999999999998,0,0,0,0,0,0
21,AB,1,10,False,1,270,1,1,"[1, 0]",3.214752197265625,200,0,968.6000000000003,793.1999999999991,9.0,0.6000000000000001,-1.7999999999999998,0,0,0,0,0,0
21,AB,1,10,False,1,270,1,1,"[1, 0]",3.230854034423828,201,0,969.2000000000003,791.3999999999992,9.0,0.6000000000000001,-1.7999999999999998,0,0,0,0,0,0
21,AB,1,10,False,1,270,1,1,"[1, 0]",3.2469751834869385,202,0,969.8000000000003,789.5999999999992,10.0,0.8,-1.7999999999999998,1,0,0,0,1,0
21,AB,1,10,False,1,270,1,1,"[1, 0]",3.263120174407959,203,0,970.6000000000003,787.7999999999993,11.0,0.8,-1.7999999999999998,0,0,0,0,0,0
21,AB,1,10,False,1,270,1,1,"[1, 0]",3.2792580127716064,204,0,971.4000000000002,785.9999999999993,11.0,0.8,-1.7999999999999998,0,0,0,0,0,0
21,AB,1,10,False,1,270,1,1,"[1, 0]",3.2953290939331055,205,0,972.2000000000002,784.1999999999994,12.0,0.8,-1.7999999999999998,0,0,0,0,0,0
21,AB,1,10,False,1,270,1,1,"[1, 0]",3.3114500045776367,206,0,973.0000000000001,782.3999999999994,13.0,0.8,-1.7999999999999998,0,0,0,0,0,0
21,AB,1,10,False,1,270,1,1,"[1, 0]",3.3276171684265137,207,0,973.8000000000001,780.5999999999995,14.0,0.8,-1.7999999999999998,0,0,0,0,0,0
21,AB,1,10,False,1,270,1,1,"[1, 0]",3.3437860012054443,208,0,974.6,778.7999999999995,15.0,0.8,-1.7999999999999998,0,0,0,0,0,0
21,AB,1,10,False,1,270,1,1,"[1, 0]",3.359908103942871,209,0,975.4,776.9999999999995,15.0,0.8,-1.7999999999999998,0,0,0,0,0,0
21,AB,1,10,False,1,270,1,1,"[1, 0]",3.375641107559204,210,0,976.1999999999999,775.1999999999996,16.0,0.8,-1.5999999999999999,1,0,1,0,0,0
21,AB,1,10,False,1,270,1,1,"[1, 0]",3.3917782306671143,211,0,976.9999999999999,773.5999999999996,17.0,0.8,-1.5999999999999999,0,0,0,0,0,0
21,AB,1,10,False,1,270,1,1,"[1, 0]",3.4079689979553223,212,0,977.7999999999998,771.9999999999995,18.0,1.0,-1.5999999999999999,1,0,0,0,1,0
21,AB,1,10,False,1,270,1,1,"[1, 0]",3.424129009246826,213,0,978.7999999999998,770.3999999999995,19.0,1.0,-1.5999999999999999,0,0,0,0,0,0
21,AB,1,10,False,1,270,1,1,"[1, 0]",3.440308094024658,214,0,979.7999999999998,768.7999999999995,20.0,1.0,-1.5999999999999999,0,0,0,0,0,0
21,AB,1,10,False,1,270,1,1,"[1, 0]",3.4564812183380127,215,1,980.7999999999998,767.1999999999995,21.0,1.0,-1.5999999999999999,0,0,0,0,0,1
21,AB,1,10,False,1,270,1,1,"[1, 0]",3.4726221561431885,216,1,981.7999999999998,765.5999999999995,22.0,1.0,-1.5999999999999999,0,0,0,0,0,1
21,AB,1,10,False,1,270,1,1,"[1, 0]",3.488809108734131,217,1,982.7999999999998,763.9999999999994,23.0,1.0,-1.5999999999999999,0,0,0,0,0,1
21,AB,1,10,False,1,270,1,1,"[1, 0]",3.504937171936035,218,1,983.7999999999998,762.3999999999994,24.0,1.0,-1.5999999999999999,0,0,0,0,0,1
21,AB,1,10,False,1,270,1,1,"[1, 0]",3.5210511684417725,219,1,984.7999999999998,760.7999999999994,24.0,1.0,-1.5999999999999999,0,0,0,0,0,1
21,AB,1,10,False,1,270,1,1,"[1, 0]",3.5371592044830322,220,1,985.7999999999998,759.1999999999994,25.0,1.2,-1.5999999999999999,1,0,0,0,1,1
21,AB,1,10,False,1,270,1,1,"[1, 0]",3.553319215774536,221,1,986.9999999999999,757.5999999999993,26.0,1.2,-1.5999999999999999,0,0,0,0,0,1
21,AB,1,10,False,1,270,1,1,"[1, 0]",3.5694072246551514,222,1,988.1999999999999,755.9999999999993,27.0,1.2,-1.5999999999999999,0,0,0,0,0,1
21,AB,1,10,False,1,270,1,1,"[1, 0]",3.5855371952056885,223,1,989.4,754.3999999999993,27.0,1.2,-1.5999999999999999,0,0,0,0,0,1
21,AB,1,10,False,1,270,1,1,"[1, 0]",3.6016910076141357,224,1,990.6,752.7999999999993,28.0,1.2,-1.5999999999999999,0,0,0,0,0,1
21,AB,1,10,False,1,270,1,1,"[1, 0]",3.617810010910034,225,1,991.8000000000001,751.1999999999992,28.0,1.2,-1.5999999999999999,0,0,0,0,0,1
21,AB,1,10,False,1,270,1,1,"[1, 0]",3.6338930130004883,226,1,993.0000000000001,749.5999999999992,29.0,1.2,-1.4,1,0,1,0,0,1
21,AB,1,10,False,1,270,1,1,"[1, 0]",3.6500351428985596,227,1,994.2000000000002,748.1999999999992,29.0,1.2,-1.4,0,0,0,0,0,1
21,AB,1,10,False,1,270,1,1,"[1, 0]",3.6661360263824463,228,1,995.4000000000002,746.7999999999993,30.0,1.2,-1.4,0,0,0,0,0,1
21,AB,1,10,False,1,270,1,1,"[1, 0]",3.6822612285614014,229,1,996.6000000000003,745.3999999999993,30.0,1.4,-1.4,1,0,0,0,1,1
21,AB,1,10,False,1,270,1,1,"[1, 0]",3.698385000228882,230,1,998.0000000000002,743.9999999999993,30.0,1.4,-1.4,0,0,0,0,0,1
21,AB,1,10,False,1,270,1,1,"[1, 0]",3.7154781818389893,231,1,999.4000000000002,742.5999999999993,31.0,1.4,-1.4,0,0,0,0,0,1
21,AB,1,10,False,1,270,1,1,"[1, 0]",3.7316501140594482,232,1,1000.8000000000002,741.1999999999994,31.0,1.4,-1.4,0,0,0,0,0,1
21,AB,1,10,False,1,270,1,1,"[1, 0]",3.7478420734405518,233,1,1002.2000000000002,739.7999999999994,31.0,1.4,-1.4,0,0,0,0,0,1
21,AB,1,10,False,1,270,1,1,"[1, 0]",3.7641191482543945,234,1,1003.6000000000001,738.3999999999994,31.0,1.4,-1.4,0,0,0,0,0,1
21,AB,1,10,False,1,270,1,1,"[1, 0]",3.7798922061920166,235,1,1005.0000000000001,736.9999999999994,31.0,1.4,-1.4,0,0,0,0,0,1
21,AB,1,10,False,1,270,1,1,"[1, 0]",3.7956340312957764,236,1,1006.4000000000001,735.5999999999995,31.0,1.4,-1.4,0,0,0,0,0,1
21,AB,1,10,False,1,270,1,1,"[1, 0]",3.8117611408233643,237,1,1007.8000000000001,734.1999999999995,31.0,1.4,-1.4,0,0,0,0,0,1
21,AB,1,10,False,1,270,1,1,"[1, 0]",3.828061103820801,238,1,1009.2,732.7999999999995,30.0,1.5999999999999999,-1.2,1,0,1,0,1,1
21,AB,1,10,False,1,270,1,1,"[1, 0]",3.843903064727783,239,1,1010.8000000000001,731.5999999999995,31.0,1.5999999999999999,-1.2,0,0,0,0,0,1
21,AB,1,10,False,1,270,1,1,"[1, 0]",3.859995126724243,240,1,1012.4000000000001,730.3999999999994,31.0,1.5999999999999999,-1.2,0,0,0,0,0,1
21,AB,1,10,False,1,270,1,1,"[1, 0]",3.8760712146759033,241,1,1014.0000000000001,729.1999999999994,31.0,1.5999999999999999,-1.2,0,0,0,0,0,1
21,AB,1,10,False,1,270,1,1,"[1, 0]",3.892259120941162,242,1,1015.6000000000001,727.9999999999993,30.0,1.5999999999999999,-1.2,0,0,0,0,0,1
21,AB,1,10,False,1,270,1,1,"[1, 0]",3.9083921909332275,243,1,1017.2000000000002,726.7999999999993,29.0,1.5999999999999999,-1.2,0,0,0,0,0,1
21,AB,1,10,False,1,270,1,1,"[1, 0]",3.924570083618164,244,1,1018.8000000000002,725.5999999999992,29.0,1.5999999999999999,-1.2,0,0,0,0,0,1
21,AB,1,10,False,1,270,1,1,"[1, 0]",3.9407570362091064,245,1,1020.4000000000002,724.3999999999992,28.0,1.5999999999999999,-1.2,0,0,0,0,0,1
21,AB,1,10,False,1,270,1,1,"[1, 0]",3.9569051265716553,246,1,1022.0000000000002,723.1999999999991,27.0,1.5999999999999999,-1.2,0,0,0,0,0,1
21,AB,1,10,False,1,270,1,1,"[1, 0]",3.973048210144043,247,1,1023.6000000000003,721.9999999999991,27.0,1.7999999999999998,-1.2,1,0,0,0,1,1
21,AB,1,10,False,1,270,1,1,"[1, 0]",3.9892051219940186,248,1,1025.4000000000003,720.799999999999,26.0,1.7999999999999998,-1.2,0,0,0,0,0,1
21,AB,1,10,False,1,270,1,1,"[1, 0]",4.005306005477905,249,1,1027.2000000000003,719.599999999999,25.0,1.7999999999999998,-1.2,0,0,0,0,0,1
21,AB,1,10,False,1,270,1,1,"[1, 0]",4.021416187286377,250,1,1029.0000000000002,718.399999999999,24.0,1.7999999999999998,-1.0,1,0,1,0,0,1
21,AB,1,10,False,1,270,1,1,"[1, 0]",4.037578105926514,251,1,1030.8000000000002,717.399999999999,23.0,1.7999999999999998,-1.0,0,0,0,0,0,1
21,AB,1,10,False,1,270,1,1,"[1, 0]",4.053654193878174,252,1,1032.6000000000001,716.399999999999,22.0,1.7999999999999998,-1.0,0,0,0,0,0,1
21,AB,1,10,False,1,270,1,1,"[1, 0]",4.069818019866943,253,1,1034.4,715.399999999999,21.0,1.7999999999999998,-1.0,0,0,0,0,0,1
21,AB,1,10,False,1,270,1,1,"[1, 0]",4.0859551429748535,254,2,1036.2,714.399999999999,20.0,1.7999999999999998,-1.0,0,0,0,0,0,2
21,AB,1,10,False,1,270,1,1,"[1, 0]",4.1020731925964355,255,2,1038.0,713.399999999999,20.0,1.7999999999999998,-1.0,0,0,0,0,0,2
21,AB,1,10,False,1,270,1,1,"[1, 0]",4.11821722984314,256,2,1039.8,712.399999999999,19.0,1.7999999999999998,-1.0,0,0,0,0,0,2
21,AB,1,10,False,1,270,1,1,"[1, 0]",4.134298086166382,257,2,1041.6,711.399999999999,18.0,1.7999999999999998,-1.0,0,0,0,0,0,2
21,AB,1,10,False,1,270,1,1,"[1, 0]",4.1504151821136475,258,2,1043.3999999999999,710.399999999999,17.0,1.7999999999999998,-1.0,0,0,0,0,0,2
21,AB,1,10,False,1,270,1,1,"[1, 0]",4.166558027267456,259,2,1045.1999999999998,709.399999999999,16.0,1.7999999999999998,-1.0,0,0,0,0,0,2
21,AB,1,10,False,1,270,1,1,"[1, 0]",4.182706117630005,260,2,1046.9999999999998,708.399999999999,15.0,1.7999999999999998,-1.0,0,0,0,0,0,2
21,AB,1,10,False,1,270,1,1,"[1, 0]",4.198819160461426,261,2,1048.7999999999997,707.399999999999,14.0,1.7999999999999998,-1.0,0,0,0,0,0,2
21,AB,1,10,False,1,270,1,1,"[1, 0]",4.215010166168213,262,2,1050.5999999999997,706.399999999999,13.0,1.7999999999999998,-1.0,0,0,0,0,0,2
21,AB,1,10,False,1,270,1,1,"[1, 0]",4.231130123138428,263,2,1052.3999999999996,705.399999999999,12.0,1.7999999999999998,-1.0,0,0,0,0,0,2
21,AB,1,10,False,1,270,1,1,"[1, 0]",4.247291088104248,264,2,1054.1999999999996,704.399999999999,12.0,1.7999999999999998,-1.0,0,0,0,0,0,2
21,AB,1,10,False,1,270,1,1,"[1, 0]",4.263482093811035,265,2,1055.9999999999995,703.399999999999,11.0,1.7999999999999998,-1.0,0,0,0,0,0,2
21,AB,1,10,False,1,270,1,1,"[1, 0]",4.2796311378479,266,2,1057.7999999999995,702.399999999999,10.0,1.7999999999999998,-1.0,0,0,0,0,0,2
21,AB,1,10,False,1,270,1,1,"[1, 0]",4.296427011489868,267,2,1059.5999999999995,701.399999999999,9.0,1.7999999999999998,-1.0,0,0,0,0,0,2
21,AB,1,10,False,1,270,1,1,"[1, 0]",4.312988042831421,268,2,1061.3999999999994,700.399999999999,9.0,1.7999999999999998,-1.0,0,0,0,0,0,2
21,AB,1,10,False,1,270,1,1,"[1, 0]",4.3291261196136475,269,2,1063.1999999999994,699.399999999999,8.0,1.7999999999999998,-1.0,0,0,0,0,0,2
21,AB,1,10,False,1,270,1,1,"[1, 0]",4.344520092010498,270,2,1064.9999999999993,698.399999999999,7.0,1.7999999999999998,-1.0,0,0,0,0,0,2
21,AB,1,10,False,1,270,1,1,"[1, 0]",4.360928058624268,271,2,1066.7999999999993,697.399999999999,7.0,1.7999999999999998,-1.0,0,0,0,0,0,2
21,AB,1,10,False,1,270,1,1,"[1, 0]",4.377396106719971,272,2,1068.5999999999992,696.399999999999,6.0,1.7999999999999998,-1.0,0,0,0,0,0,2
21,AB,1,10,False,1,270,1,1,"[1, 0]",4.3941590785980225,273,2,1070.3999999999992,695.399999999999,5.0,1.7999999999999998,-1.0,0,0,0,0,0,2
21,AB,1,10,False,1,270,1,1,"[1, 0]",4.409985065460205,274,2,1072.1999999999991,694.399999999999,5.0,1.7999999999999998,-1.2,1,1,0,0,0,2
21,AB,1,10,False,1,270,1,1,"[1, 0]",4.42639422416687,275,2,1073.999999999999,693.1999999999989,5.0,1.7999999999999998,-1.2,0,0,0,0,0,2
21,AB,1,10,False,1,270,1,1,"[1, 0]",4.442781209945679,276,2,1075.799999999999,691.9999999999989,4.0,1.7999999999999998,-1.2,0,0,0,0,0,2
21,AB,1,10,False,1,270,1,1,"[1, 0]",4.459214210510254,277,2,1077.599999999999,690.7999999999988,3.0,1.7999999999999998,-1.2,0,0,0,0,0,2
21,AB,1,10,False,1,270,1,1,"[1, 0]",4.475004196166992,278,2,1079.399999999999,689.5999999999988,3.0,1.7999999999999998,-1.2,0,0,0,0,0,2
21,AB,1,10,False,1,270,1,1,"[1, 0]",4.4907472133636475,279,2,1081.199999999999,688.3999999999987,1.0,1.7999999999999998,-1.2,0,0,0,0,0,2
21,AB,1,10,False,1,270,1,1,"[1, 0]",4.507508039474487,280,2,1082.9999999999989,687.1999999999987,1.0,1.7999999999999998,-1.2,0,0,0,0,0,2
21,AB,1,10,False,1,270,1,1,"[1, 0]",4.524064064025879,281,2,1084.7999999999988,685.9999999999986,2.0,1.7999999999999998,-1.2,0,0,0,0,0,2
21,AB,1,10,False,1,270,1,1,"[1, 0]",4.540313005447388,282,2,1086.5999999999988,684.7999999999986,1.0,1.7999999999999998,-1.2,0,0,0,0,0,2
21,AB,1,10,False,1,270,1,1,"[1, 0]",4.556418180465698,283,2,1088.3999999999987,683.5999999999985,1.0,1.5999999999999999,-1.2,1,0,0,1,0,2
21,AB,1,10,False,1,270,1,1,"[1, 0]",4.572495222091675,284,2,1089.9999999999986,682.3999999999985,2.0,1.5999999999999999,-1.2,0,0,0,0,0,2
21,AB,1,10,False,1,270,1,1,"[1, 0]",4.588512182235718,285,2,1091.5999999999985,681.1999999999985,2.0,1.5999999999999999,-1.2,0,0,0,0,0,2
21,AB,1,10,False,1,270,1,1,"[1, 0]",4.604540109634399,286,2,1093.1999999999985,679.9999999999984,2.0,1.5999999999999999,-1.2,0,0,0,0,0,2
21,AB,1,10,False,1,270,1,1,"[1, 0]",4.621058225631714,287,2,1094.7999999999984,678.7999999999984,3.0,1.5999999999999999,-1.2,0,0,0,0,0,2
21,AB,1,10,False,1,270,1,1,"[1, 0]",4.636602163314819,288,2,1096.3999999999983,677.5999999999983,3.0,1.5999999999999999,-1.2,0,0,0,0,0,2
21,AB,1,10,False,1,270,1,1,"[1, 0]",4.653439998626709,289,2,1097.9999999999982,676.3999999999983,4.0,1.5999999999999999,-1.2,0,0,0,0,0,2
21,AB,1,10,False,1,270,1,1,"[1, 0]",4.669977188110352,290,2,1099.599999999998,675.1999999999982,4.0,1.5999999999999999,-1.2,0,0,0,0,0,2
21,AB,1,10,False,1,270,1,1,"[1, 0]",4.6860291957855225,291,2,1101.199999999998,673.9999999999982,4.0,1.5999999999999999,-1.2,0,0,0,0,0,2
21,AB,1,10,False,1,270,1,1,"[1, 0]",4.7021400928497314,292,2,1102.799999999998,672.7999999999981,5.0,1.5999999999999999,-1.2,0,0,0,0,0,2
21,AB,1,10,False,1,270,1,1,"[1, 0]",4.7175140380859375,293,2,1104.3999999999978,671.5999999999981,5.0,1.5999999999999999,-1.2,0,0,0,0,0,2
21,AB,1,10,False,1,270,1,1,"[1, 0]",4.733959197998047,294,2,1105.9999999999977,670.399999999998,5.0,1.5999999999999999,-1.2,0,0,0,0,0,2
21,AB,1,10,False,1,270,1,1,"[1, 0]",4.750497102737427,295,2,1107.5999999999976,669.199999999998,6.0,1.5999999999999999,-1.2,0,0,0,0,0,2
21,AB,1,10,False,1,270,1,1,"[1, 0]",4.76726508140564,296,2,1109.1999999999975,667.999999999998,6.0,1.5999999999999999,-1.2,0,0,0,0,0,2
21,AB,1,10,False,1,270,1,1,"[1, 0]",4.782989025115967,297,2,1110.7999999999975,666.7999999999979,6.0,1.5999999999999999,-1.2,0,0,0,0,0,2
21,AB,1,10,False,1,270,1,1,"[1, 0]",4.799377202987671,298,2,1112.3999999999974,665.5999999999979,6.0,1.4,-1.2,1,0,0,1,0,2
21,AB,1,10,False,1,270,1,1,"[1, 0]",4.815805196762085,299,2,1113.7999999999975,664.3999999999978,6.0,1.4,-1.2,0,0,0,0,0,2
21,AB,1,10,False,1,270,1,1,"[1, 0]",4.831954002380371,300,2,1115.1999999999975,663.1999999999978,7.0,1.4,-1.2,0,0,0,0,0,2
21,AB,1,10,False,1,270,1,1,"[1, 0]",4.848110198974609,301,2,1116.5999999999976,661.9999999999977,7.0,1.4,-1.2,0,0,0,0,0,2
21,AB,1,10,False,1,270,1,1,"[1, 0]",4.864229202270508,302,2,1117.9999999999977,660.7999999999977,7.0,1.4,-1.2,0,0,0,0,0,2
21,AB,1,10,False,1,270,1,1,"[1, 0]",4.879692077636719,303,2,1119.3999999999978,659.5999999999976,7.0,1.4,-1.2,0,0,0,0,0,2
21,AB,1,10,False,1,270,1,1,"[1, 0]",4.896205186843872,304,2,1120.799999999998,658.3999999999976,8.0,1.4,-1.2,0,0,0,0,0,2
21,AB,1,10,False,1,270,1,1,"[1, 0]",4.911793231964111,305,2,1122.199999999998,657.1999999999975,8.0,1.4,-1.2,0,0,0,0,0,2
21,AB,1,10,False,1,270,1,1,"[1, 0]",4.927571058273315,306,2,1123.599999999998,655.9999999999975,7.0,1.4,-1.2,0,0,0,0,0,2
21,AB,1,10,False,1,270,1,1,"[1, 0]",4.944291114807129,307,2,1124.9999999999982,654.7999999999975,8.0,1.4,-1.2,0,0,0,0,0,2
21,AB,1,10,False,1,270,1,1,"[1, 0]",4.959728002548218,308,2,1126.3999999999983,653.5999999999974,8.0,1.4,-1.2,0,0,0,0,0,2
21,AB,1,10,False,1,270,1,1,"[1, 0]",4.976144075393677,309,2,1127.7999999999984,652.3999999999974,8.0,1.4,-1.2,0,0,0,0,0,2
21,AB,1,10,False,1,270,1,1,"[1, 0]",4.9915430545806885,310,2,1129.1999999999985,651.1999999999973,8.0,1.2,-1.2,1,0,0,1,0,2
21,AB,1,10,False,1,270,1,1,"[1, 0]",5.00802206993103,311,2,1130.3999999999985,649.9999999999973,8.0,1.2,-1.2,0,0,0,0,0,2
21,AB,1,10,False,1,270,1,1,"[1, 0]",5.023484230041504,312,2,1131.5999999999985,648.7999999999972,8.0,1.2,-1.2,0,0,0,0,0,2
21,AB,1,10,False,1,270,1,1,"[1, 0]",5.0399010181427,313,2,1132.7999999999986,647.5999999999972,9.0,1.2,-1.2,0,0,0,0,0,2
21,AB,1,10,False,1,270,1,1,"[1, 0]",5.056297063827515,314,2,1133.9999999999986,646.3999999999971,9.0,1.2,-1.2,0,0,0,0,0,2
21,AB,1,10,False,1,270,1,1,"[1, 0]",5.072224140167236,315,2,1135.1999999999987,645.1999999999971,8.0,1.2,-1.2,0,0,0,0,0,2
21,AB,1,10,False,1,270,1,1,"[1, 0]",5.0879740715026855,316,2,1136.3999999999987,643.999999999997,8.0,1.2,-1.2,0,0,0,0,0,2
21,AB,1,10,False,1,270,1,1,"[1, 0]",5.103717088699341,317,2,1137.5999999999988,642.799999999997,8.0,1.2,-1.2,0,0,0,0,0,2
21,AB,1,10,False,1,270,1,1,"[1, 0]",5.1195361614227295,318,2,1138.7999999999988,641.599999999997,9.0,1.2,-1.2,0,0,0,0,0,2
21,AB,1,10,False,1,270,1,1,"[1, 0]",5.135682106018066,319,2,1139.9999999999989,640.3999999999969,8.0,1.2,-1.2,0,0,0,0,0,2
21,AB,1,10,False,1,270,1,1,"[1, 0]",5.151899099349976,320,2,1141.199999999999,639.1999999999969,8.0,1.2,-1.2,0,0,0,0,0,2
21,AB,1,10,False,1,270,1,1,"[1, 0]",5.168077230453491,321,2,1142.399999999999,637.9999999999968,8.0,1.2,-1.2,0,0,0,0,0,2
21,AB,1,10,False,1,270,1,1,"[1, 0]",5.183283090591431,322,2,1143.599999999999,636.7999999999968,8.0,1.2,-1.2,0,0,0,0,0,2
21,AB,1,10,False,1,270,1,1,"[1, 0]",5.198637008666992,323,2,1144.799999999999,635.5999999999967,8.0,1.0,-1.2,1,0,0,1,0,2
21,AB,1,10,False,1,270,1,1,"[1, 0]",5.214790105819702,324,2,1145.799999999999,634.3999999999967,8.0,1.0,-1.2,0,0,0,0,0,2
21,AB,1,10,False,1,270,1,1,"[1, 0]",5.2309770584106445,325,2,1146.799999999999,633.1999999999966,8.0,1.0,-1.2,0,0,0,0,0,2
21,AB,1,10,False,1,270,1,1,"[1, 0]",5.247127056121826,326,2,1147.799999999999,631.9999999999966,9.0,1.0,-1.2,0,0,0,0,0,2
21,AB,1,10,False,1,270,1,1,"[1, 0]",5.263339042663574,327,2,1148.799999999999,630.7999999999965,8.0,1.0,-1.2,0,0,0,0,0,2
21,AB,1,10,False,1,270,1,1,"[1, 0]",5.278536081314087,328,2,1149.799999999999,629.5999999999965,8.0,1.0,-1.2,0,0,0,0,0,2
21,AB,1,10,False,1,270,1,1,"[1, 0]",5.294676065444946,329,2,1150.799999999999,628.3999999999965,8.0,1.0,-1.2,0,0,0,0,0,2
21,AB,1,10,False,1,270,1,1,"[1, 0]",5.31082010269165,330,2,1151.799999999999,627.1999999999964,8.0,1.0,-1.2,0,0,0,0,0,2
21,AB,1,10,False,1,270,1,1,"[1, 0]",5.326993227005005,331,2,1152.799999999999,625.9999999999964,8.0,1.0,-1.2,0,0,0,0,0,2
21,AB,1,10,False,1,270,1,1,"[1, 0]",5.343175172805786,332,2,1153.799999999999,624.7999999999963,8.0,1.0,-1.2,0,0,0,0,0,2
21,AB,1,10,False,1,270,1,1,"[1, 0]",5.359292030334473,333,2,1154.799999999999,623.5999999999963,8.0,1.0,-1.2,0,0,0,0,0,2
21,AB,1,10,False,1,270,1,1,"[1, 0]",5.375428199768066,334,2,1155.799999999999,622.3999999999962,8.0,1.0,-1.2,0,0,0,0,0,2
21,AB,1,10,False,1,270,1,1,"[1, 0]",5.391602039337158,335,2,1156.799999999999,621.1999999999962,8.0,0.8,-1.2,1,0,0,1,0,2
21,AB,1,10,False,1,270,1,1,"[1, 0]",5.407803058624268,336,2,1157.599999999999,619.9999999999961,8.0,0.8,-1.2,0,0,0,0,0,2
21,AB,1,10,False,1,270,1,1,"[1, 0]",5.423988103866577,337,2,1158.399999999999,618.7999999999961,8.0,0.8,-1.2,0,0,0,0,0,2
21,AB,1,10,False,1,270,1,1,"[1, 0]",5.440178155899048,338,2,1159.199999999999,617.599999999996,8.0,0.8,-1.2,0,0,0,0,0,2
21,AB,1,10,False,1,270,1,1,"[1, 0]",5.456193208694458,339,2,1159.9999999999989,616.399999999996,8.0,0.8,-1.2,0,0,0,0,0,2
21,AB,1,10,False,1,270,1,1,"[1, 0]",5.472397089004517,340,2,1160.7999999999988,615.199999999996,8.0,0.8,-1.2,0,0,0,0,0,2
21,AB,1,10,False,1,270,1,1,"[1, 0]",5.4885571002960205,341,2,1161.5999999999988,613.9999999999959,8.0,0.8,-1.4,1,1,0,0,0,2
21,AB,1,10,False,1,270,1,1,"[1, 0]",5.504766225814819,342,2,1162.3999999999987,612.5999999999959,7.0,0.8,-1.4,0,0,0,0,0,2
21,AB,1,10,False,1,270,1,1,"[1, 0]",5.520853042602539,343,2,1163.1999999999987,611.199999999996,7.0,0.8,-1.4,0,0,0,0,0,2
21,AB,1,10,False,1,270,1,1,"[1, 0]",5.5369391441345215,344,2,1163.9999999999986,609.799999999996,7.0,0.8,-1.4,0,0,0,0,0,2
21,AB,1,10,False,1,270,1,1,"[1, 0]",5.553071022033691,345,2,1164.7999999999986,608.399999999996,7.0,0.8,-1.4,0,0,0,0,0,2
21,AB,1,10,False,1,270,1,1,"[1, 0]",5.56922721862793,346,2,1165.5999999999985,606.999999999996,7.0,0.8,-1.4,0,0,0,0,0,2
21,AB,1,10,False,1,270,1,1,"[1, 0]",5.58533501625061,347,2,1166.3999999999985,605.599999999996,8.0,0.8,-1.4,0,0,0,0,0,2
21,AB,1,10,False,1,270,1,1,"[1, 0]",5.601476192474365,348,2,1167.1999999999985,604.1999999999961,8.0,0.8,-1.4,0,0,0,0,0,2
21,AB,1,10,False,1,270,1,1,"[1, 0]",5.617626190185547,349,2,1167.9999999999984,602.7999999999961,8.0,0.8,-1.4,0,0,0,0,0,2
21,AB,1,10,False,1,270,1,1,"[1, 0]",5.633717060089111,350,2,1168.7999999999984,601.3999999999961,7.0,0.8,-1.4,0,0,0,0,0,2
21,AB,1,10,False,1,270,1,1,"[1, 0]",5.64978814125061,351,2,1169.5999999999983,599.9999999999961,7.0,0.8,-1.4,0,0,0,0,0,2
21,AB,1,10,False,1,270,1,1,"[1, 0]",5.665532112121582,352,2,1170.3999999999983,598.5999999999962,7.0,0.8,-1.4,0,0,0,0,0,2
21,AB,1,10,False,1,270,1,1,"[1, 0]",5.681629180908203,353,2,1171.1999999999982,597.1999999999962,6.0,0.8,-1.4,0,0,0,0,0,2
21,AB,1,10,False,1,270,1,1,"[1, 0]",5.698369026184082,354,2,1171.9999999999982,595.7999999999962,6.0,0.8,-1.4,0,0,0,0,0,2
21,AB,1,10,False,1,270,1,1,"[1, 0]",5.714468002319336,355,2,1172.7999999999981,594.3999999999962,6.0,0.8,-1.4,0,0,0,0,0,2
21,AB,1,10,False,1,270,1,1,"[1, 0]",5.731201171875,356,2,1173.599999999998,592.9999999999962,6.0,0.8,-1.4,0,0,0,0,0,2
21,AB,1,10,False,1,270,1,1,"[1, 0]",5.747344017028809,357,2,1174.399999999998,591.5999999999963,6.0,0.8,-1.4,0,0,0,0,0,2
21,AB,1,10,False,1,270,1,1,"[1, 0]",5.762654066085815,358,2,1175.199999999998,590.1999999999963,6.0,0.8,-1.5999999999999999,1,1,0,0,0,2
21,AB,1,10,False,1,270,1,1,"[1, 0]",5.778730154037476,359,2,1175.999999999998,588.5999999999963,6.0,0.8,-1.5999999999999999,0,0,0,0,0,2
21,AB,1,10,False,1,270,1,1,"[1, 0]",5.794784069061279,360,2,1176.799999999998,586.9999999999962,5.0,0.8,-1.5999999999999999,0,0,0,0,0,2
21,AB,1,10,False,1,270,1,1,"[1, 0]",5.810864210128784,361,2,1177.5999999999979,585.3999999999962,4.0,0.8,-1.5999999999999999,0,0,0,0,0,2
21,AB,1,10,False,1,270,1,1,"[1, 0]",5.82659912109375,362,2,1178.3999999999978,583.7999999999962,4.0,0.8,-1.5999999999999999,0,0,0,0,0,2
21,AB,1,10,False,1,270,1,1,"[1, 0]",5.843342065811157,363,2,1179.1999999999978,582.1999999999962,4.0,0.8,-1.5999999999999999,0,0,0,0,0,2
21,AB,1,10,False,1,270,1,1,"[1, 0]",5.859365224838257,364,2,1179.9999999999977,580.5999999999962,4.0,0.8,-1.5999999999999999,0,0,0,0,0,2
21,AB,1,10,False,1,270,1,1,"[1, 0]",5.875200033187866,365,2,1180.7999999999977,578.9999999999961,3.0,0.8,-1.5999999999999999,0,0,0,0,0,2
21,AB,1,10,False,1,270,1,1,"[1, 0]",5.890904188156128,366,2,1181.5999999999976,577.3999999999961,3.0,0.8,-1.5999999999999999,0,0,0,0,0,2
21,AB,1,10,False,1,270,1,1,"[1, 0]",5.9069740772247314,367,2,1182.3999999999976,575.7999999999961,3.0,0.6000000000000001,-1.5999999999999999,1,0,0,1,0,2
21,AB,1,10,False,1,270,1,1,"[1, 0]",5.923098087310791,368,2,1182.9999999999975,574.1999999999961,2.0,0.6000000000000001,-1.5999999999999999,0,0,0,0,0,2
21,AB,1,10,False,1,270,1,1,"[1, 0]",5.9392170906066895,369,2,1183.5999999999974,572.599999999996,2.0,0.6000000000000001,-1.5999999999999999,0,0,0,0,0,2
21,AB,1,10,False,1,270,1,1,"[1, 0]",5.955342054367065,370,2,1184.1999999999973,570.999999999996,2.0,0.6000000000000001,-1.5999999999999999,0,0,0,0,0,2
21,AB,1,10,False,1,270,1,1,"[1, 0]",5.971465110778809,371,2,1184.7999999999972,569.399999999996,2.0,0.6000000000000001,-1.5999999999999999,0,0,0,0,0,2
21,AB,1,10,False,1,270,1,1,"[1, 0]",5.988586187362671,372,2,1185.3999999999971,567.799999999996,2.0,0.6000000000000001,-1.7999999999999998,1,1,0,0,0,2
21,AB,1,10,False,1,270,1,1,"[1, 0]",6.004618167877197,373,2,1185.999999999997,565.999999999996,1.0,0.6000000000000001,-1.7999999999999998,0,0,0,0,0,2
21,AB,1,10,False,1,270,1,1,"[1, 0]",6.021413087844849,374,2,1186.599999999997,564.1999999999961,1.0,0.6000000000000001,-1.7999999999999998,0,0,0,0,0,2
21,AB,1,10,False,1,270,1,1,"[1, 0]",6.037913084030151,375,2,1187.1999999999969,562.3999999999961,2.0,0.6000000000000001,-1.7999999999999998,0,0,0,0,0,2
21,AB,1,10,False,1,270,1,1,"[1, 0]",6.053998231887817,376,2,1187.7999999999968,560.5999999999962,0.0,0.6000000000000001,-1.7999999999999998,0,0,0,0,0,2
21,AB,1,10,False,1,270,1,1,"[1, 0]",6.069733142852783,377,2,1188.3999999999967,558.7999999999962,0.0,0.6000000000000001,-1.7999999999999998,0,0,0,0,0,2
21,AB,1,10,False,1,270,1,1,"[1, 0]",6.085827112197876,378,2,1188.9999999999966,556.9999999999962,0.0,0.6000000000000001,-1.7999999999999998,0,0,0,0,0,2
21,AB,1,10,False,1,270,1,1,"[1, 0]",6.101556062698364,379,2,1189.5999999999965,555.1999999999963,1.0,0.6000000000000001,-1.7999999999999998,0,0,0,0,0,2
21,AB,1,10,False,1,270,1,1,"[1, 0]",6.117640018463135,380,2,1190.1999999999964,553.3999999999963,1.0,0.4000000000000001,-1.7999999999999998,1,0,0,1,0,2
21,AB,1,10,False,1,270,1,1,"[1, 0]",6.1343841552734375,381,2,1190.5999999999965,551.5999999999964,2.0,0.4000000000000001,-1.7999999999999998,0,0,0,0,0,2
21,AB,1,10,False,1,270,1,1,"[1, 0]",6.1514692306518555,382,2,1190.9999999999966,549.7999999999964,2.0,0.4000000000000001,-1.7999999999999998,0,0,0,0,0,2
21,AB,1,10,False,1,270,1,1,"[1, 0]",6.1677491664886475,383,2,1191.3999999999967,547.9999999999965,2.0,0.4000000000000001,-1.7999999999999998,0,0,0,0,0,2
21,AB,1,10,False,1,270,1,1,"[1, 0]",6.1832380294799805,384,2,1191.7999999999968,546.1999999999965,3.0,0.4000000000000001,-1.7999999999999998,0,0,0,0,0,2
21,AB,1,10,False,1,270,1,1,"[1, 0]",6.199313163757324,385,2,1192.1999999999969,544.3999999999966,3.0,0.4000000000000001,-1.7999999999999998,0,0,0,0,0,2
21,AB,1,10,False,1,270,1,1,"[1, 0]",6.215137004852295,386,2,1192.599999999997,542.5999999999966,4.0,0.4000000000000001,-1.7999999999999998,0,0,0,0,0,2
21,AB,1,10,False,1,270,1,1,"[1, 0]",6.23146915435791,387,2,1192.999999999997,540.7999999999967,4.0,0.4000000000000001,-1.7999999999999998,0,0,0,0,0,2
21,AB,1,10,False,1,270,1,1,"[1, 0]",6.247681140899658,388,2,1193.3999999999971,538.9999999999967,5.0,0.4000000000000001,-1.7999999999999998,0,0,0,0,0,2
21,AB,1,10,False,1,270,1,1,"[1, 0]",6.2636730670928955,389,2,1193.7999999999972,537.1999999999967,5.0,0.4000000000000001,-1.7999999999999998,0,0,0,0,0,2
21,AB,1,10,False,1,270,1,1,"[1, 0]",6.279607057571411,390,2,1194.1999999999973,535.3999999999968,5.0,0.4000000000000001,-1.7999999999999998,0,0,0,0,0,2
21,AB,1,10,False,1,270,1,1,"[1, 0]",6.295618057250977,391,2,1194.5999999999974,533.5999999999968,6.0,0.4000000000000001,-1.7999999999999998,0,0,0,0,0,2
21,AB,1,10,False,1,270,1,1,"[1, 0]",6.311529159545898,392,2,1194.9999999999975,531.7999999999969,6.0,0.20000000000000007,-1.7999999999999998,1,0,0,1,0,2
21,AB,1,10,False,1,270,1,1,"[1, 0]",6.327536106109619,393,2,1195.1999999999975,529.9999999999969,6.0,0.20000000000000007,-1.5999999999999999,1,0,1,0,0,2
21,AB,1,10,False,1,270,1,1,"[1, 0]",6.344422101974487,394,2,1195.3999999999976,528.3999999999969,6.0,0.20000000000000007,-1.5999999999999999,0,0,0,0,0,2
21,AB,1,10,False,1,270,1,1,"[1, 0]",6.361465215682983,395,2,1195.5999999999976,526.7999999999969,7.0,0.20000000000000007,-1.5999999999999999,0,0,0,0,0,2
21,AB,1,10,False,1,270,1,1,"[1, 0]",6.377544164657593,396,2,1195.7999999999977,525.1999999999969,7.0,0.20000000000000007,-1.5999999999999999,0,0,0,0,0,2
21,AB,1,10,False,1,270,1,1,"[1, 0]",6.393575191497803,397,2,1195.9999999999977,523.5999999999968,7.0,0.20000000000000007,-1.5999999999999999,0,0,0,0,0,2
21,AB,1,10,False,1,270,1,1,"[1, 0]",6.409656047821045,398,2,1196.1999999999978,521.9999999999968,7.0,0.20000000000000007,-1.5999999999999999,0,0,0,0,0,2
21,AB,1,10,False,1,270,1,1,"[1, 0]",6.425708055496216,399,2,1196.3999999999978,520.3999999999968,8.0,0.20000000000000007,-1.5999999999999999,0,0,0,0,0,2
21,AB,1,10,False,1,270,1,1,"[1, 0]",6.4417901039123535,400,2,1196.5999999999979,518.7999999999968,8.0,0.20000000000000007,-1.5999999999999999,0,0,0,0,0,2
21,AB,1,10,False,1,270,1,1,"[1, 0]",6.457526206970215,401,2,1196.799999999998,517.1999999999967,9.0,5.551115123125783e-17,-1.5999999999999999,1,0,0,1,0,2
21,AB,1,10,False,1,270,1,1,"[1, 0]",6.473623037338257,402,2,1196.799999999998,515.5999999999967,9.0,5.551115123125783e-17,-1.4,1,0,1,0,0,2
21,AB,1,10,False,1,270,1,1,"[1, 0]",6.490356206893921,403,2,1196.799999999998,514.1999999999967,9.0,5.551115123125783e-17,-1.4,0,0,0,0,0,2
21,AB,1,10,False,1,270,1,1,"[1, 0]",6.506000995635986,404,2,1196.799999999998,512.7999999999968,9.0,5.551115123125783e-17,-1.4,0,0,0,0,0,2
21,AB,1,10,False,1,270,1,1,"[1, 0]",6.521727085113525,405,2,1196.799999999998,511.3999999999968,10.0,5.551115123125783e-17,-1.4,0,0,0,0,0,2
21,AB,1,10,False,1,270,1,1,"[1, 0]",6.5384521484375,406,2,1196.799999999998,509.9999999999968,10.0,5.551115123125783e-17,-1.4,0,0,0,0,0,2
21,AB,1,10,False,1,270,1,1,"[1, 0]",6.555196046829224,407,2,1196.799999999998,508.59999999999684,10.0,5.551115123125783e-17,-1.4,0,0,0,0,0,2
21,AB,1,10,False,1,270,1,1,"[1, 0]",6.571007013320923,408,2,1196.799999999998,507.19999999999686,11.0,5.551115123125783e-17,-1.4,0,0,0,0,0,2
21,AB,1,10,False,1,270,1,1,"[1, 0]",6.587139129638672,409,2,1196.799999999998,505.7999999999969,11.0,5.551115123125783e-17,-1.4,0,0,0,0,0,2
21,AB,1,10,False,1,270,1,1,"[1, 0]",6.602940082550049,410,2,1196.799999999998,504.3999999999969,11.0,5.551115123125783e-17,-1.4,0,0,0,0,0,2
21,AB,1,10,False,1,270,1,1,"[1, 0]",6.619065999984741,411,2,1196.799999999998,502.99999999999693,11.0,-0.19999999999999996,-1.4,1,0,0,1,0,2
21,AB,1,10,False,1,270,1,1,"[1, 0]",6.634751081466675,412,2,1196.5999999999979,501.59999999999695,11.0,-0.19999999999999996,-1.4,0,0,0,0,0,2
21,AB,1,10,False,1,270,1,1,"[1, 0]",6.6514739990234375,413,2,1196.3999999999978,500.199999999997,12.0,-0.19999999999999996,-1.2,1,0,1,0,0,2
21,AB,1,10,False,1,270,1,1,"[1, 0]",6.66757607460022,414,2,1196.1999999999978,498.999999999997,12.0,-0.19999999999999996,-1.2,0,0,0,0,0,2
21,AB,1,10,False,1,270,1,1,"[1, 0]",6.683573007583618,415,2,1195.9999999999977,497.799999999997,12.0,-0.19999999999999996,-1.2,0,0,0,0,0,2
21,AB,1,10,False,1,270,1,1,"[1, 0]",6.700455188751221,416,2,1195.7999999999977,496.599999999997,12.0,-0.19999999999999996,-1.2,0,0,0,0,0,2
21,AB,1,10,False,1,270,1,1,"[1, 0]",6.716583013534546,417,2,1195.5999999999976,495.399999999997,12.0,-0.19999999999999996,-1.2,0,0,0,0,0,2
21,AB,1,10,False,1,270,1,1,"[1, 0]",6.7334020137786865,418,2,1195.3999999999976,494.19999999999703,12.0,-0.19999999999999996,-1.2,0,0,0,0,0,2
21,AB,1,10,False,1,270,1,1,"[1, 0]",6.750129222869873,419,2,1195.1999999999975,492.99999999999704,12.0,-0.39999999999999997,-1.2,1,0,0,1,0,2
21,AB,1,10,False,1,270,1,1,"[1, 0]",6.7658140659332275,420,2,1194.7999999999975,491.79999999999706,12.0,-0.39999999999999997,-1.2,0,0,0,0,0,2
21,AB,1,10,False,1,270,1,1,"[1, 0]",6.7815330028533936,421,2,1194.3999999999974,490.59999999999707,12.0,-0.39999999999999997,-1.2,0,0,0,0,0,2
21,AB,1,10,False,1,270,1,1,"[1, 0]",6.798258066177368,422,2,1193.9999999999973,489.3999999999971,12.0,-0.39999999999999997,-1.2,0,0,0,0,0,2
21,AB,1,10,False,1,270,1,1,"[1, 0]",6.81398606300354,423,2,1193.5999999999972,488.1999999999971,12.0,-0.39999999999999997,-1.2,0,0,0,0,0,2
21,AB,1,10,False,1,270,1,1,"[1, 0]",6.829719066619873,424,2,1193.199999999997,486.9999999999971,12.0,-0.39999999999999997,-1.2,0,0,0,0,0,2
21,AB,1,10,False,1,270,1,1,"[1, 0]",6.846449136734009,425,2,1192.799999999997,485.7999999999971,12.0,-0.39999999999999997,-1.0,1,0,1,0,0,2
21,AB,1,10,False,1,270,1,1,"[1, 0]",6.862556219100952,426,2,1192.399999999997,484.7999999999971,12.0,-0.39999999999999997,-1.0,0,0,0,0,0,2
21,AB,1,10,False,1,270,1,1,"[1, 0]",6.879281997680664,427,2,1191.9999999999968,483.7999999999971,12.0,-0.39999999999999997,-1.0,0,0,0,0,0,2
21,AB,1,10,False,1,270,1,1,"[1, 0]",6.8953940868377686,428,2,1191.5999999999967,482.7999999999971,12.0,-0.6,-1.0,1,0,0,1,0,2
21,AB,1,10,False,1,270,1,1,"[1, 0]",6.912461042404175,429,2,1190.9999999999968,481.7999999999971,12.0,-0.6,-1.0,0,0,0,0,0,2
21,AB,1,10,False,1,270,1,1,"[1, 0]",6.928539037704468,430,2,1190.399999999997,480.7999999999971,12.0,-0.6,-1.0,0,0,0,0,0,2
21,AB,1,10,False,1,270,1,1,"[1, 0]",6.944678068161011,431,2,1189.799999999997,479.7999999999971,12.0,-0.6,-1.0,0,0,0,0,0,2
21,AB,1,10,False,1,270,1,1,"[1, 0]",6.96081018447876,432,2,1189.199999999997,478.7999999999971,11.0,-0.6,-1.0,0,0,0,0,0,2
21,AB,1,10,False,1,270,1,1,"[1, 0]",6.97686505317688,433,2,1188.5999999999972,477.7999999999971,11.0,-0.6,-1.0,0,0,0,0,0,2
21,AB,1,10,False,1,270,1,1,"[1, 0]",6.992947101593018,434,2,1187.9999999999973,476.7999999999971,11.0,-0.6,-1.0,0,0,0,0,0,2
21,AB,1,10,False,1,270,1,1,"[1, 0]",7.009033203125,435,2,1187.3999999999974,475.7999999999971,11.0,-0.6,-1.0,0,0,0,0,0,2
21,AB,1,10,False,1,270,1,1,"[1, 0]",7.025123119354248,436,2,1186.7999999999975,474.7999999999971,10.0,-0.6,-1.0,0,0,0,0,0,2
21,AB,1,10,False,1,270,1,1,"[1, 0]",7.041202068328857,437,2,1186.1999999999975,473.7999999999971,10.0,-0.6,-1.0,0,0,0,0,0,2
21,AB,1,10,False,1,270,1,1,"[1, 0]",7.057281017303467,438,2,1185.5999999999976,472.7999999999971,10.0,-0.8,-1.0,1,0,0,1,0,2
21,AB,1,10,False,1,270,1,1,"[1, 0]",7.07335901260376,439,2,1184.7999999999977,471.7999999999971,9.0,-0.8,-0.8,1,0,1,0,0,2
21,AB,1,10,False,1,270,1,1,"[1, 0]",7.08943510055542,440,2,1183.9999999999977,470.9999999999971,9.0,-0.8,-0.8,0,0,0,0,0,2
21,AB,1,10,False,1,270,1,1,"[1, 0]",7.106434106826782,441,2,1183.1999999999978,470.1999999999971,9.0,-0.8,-0.8,0,0,0,0,0,2
21,AB,1,10,False,1,270,1,1,"[1, 0]",7.122519016265869,442,2,1182.3999999999978,469.3999999999971,8.0,-0.8,-0.8,0,0,0,0,0,2
21,AB,1,10,False,1,270,1,1,"[1, 0]",7.138630151748657,443,2,1181.5999999999979,468.59999999999707,8.0,-0.8,-0.8,0,0,0,0,0,2
21,AB,1,10,False,1,270,1,1,"[1, 0]",7.15472412109375,444,2,1180.799999999998,467.79999999999706,8.0,-0.8,-0.8,0,0,0,0,0,2
21,AB,1,10,False,1,270,1,1,"[1, 0]",7.170805215835571,445,2,1179.999999999998,466.99999999999704,7.0,-0.8,-0.8,0,0,0,0,0,2
21,AB,1,10,False,1,270,1,1,"[1, 0]",7.187031030654907,446,2,1179.199999999998,466.19999999999703,7.0,-0.8,-0.8,0,0,0,0,0,2
21,AB,1,10,False,1,270,1,1,"[1, 0]",7.202779054641724,447,2,1178.399999999998,465.399999999997,6.0,-1.0,-0.8,1,0,0,1,0,2
21,AB,1,10,False,1,270,1,1,"[1, 0]",7.218951225280762,448,2,1177.399999999998,464.599999999997,6.0,-1.0,-0.8,0,0,0,0,0,2
21,AB,1,10,False,1,270,1,1,"[1, 0]",7.234811067581177,449,2,1176.399999999998,463.799999999997,6.0,-1.0,-0.8,0,0,0,0,0,2
21,AB,1,10,False,1,270,1,1,"[1, 0]",7.25051212310791,450,2,1175.399999999998,462.999999999997,6.0,-1.0,-0.8,0,0,0,0,0,2
21,AB,1,10,False,1,270,1,1,"[1, 0]",7.267171144485474,451,2,1174.399999999998,462.199999999997,5.0,-1.0,-0.8,0,0,0,0,0,2
21,AB,1,10,False,1,270,1,1,"[1, 0]",7.283006191253662,452,2,1173.399999999998,461.39999999999696,5.0,-1.0,-0.8,0,0,0,0,0,2
21,AB,1,10,False,1,270,1,1,"[1, 0]",7.298650026321411,453,2,1172.399999999998,460.59999999999695,4.0,-1.0,-0.8,0,0,0,0,0,2
21,AB,1,10,False,1,270,1,1,"[1, 0]",7.315371036529541,454,2,1171.399999999998,459.79999999999694,4.0,-1.0,-0.8,0,0,0,0,0,2
21,AB,1,10,False,1,270,1,1,"[1, 0]",7.330700159072876,455,2,1170.399999999998,458.99999999999693,3.0,-1.0,-0.8,0,0,0,0,0,2
21,AB,1,10,False,1,270,1,1,"[1, 0]",7.347413063049316,456,2,1169.399999999998,458.1999999999969,3.0,-1.0,-0.8,0,0,0,0,0,2
21,AB,1,10,False,1,270,1,1,"[1, 0]",7.364257097244263,457,2,1168.399999999998,457.3999999999969,2.0,-1.0,-0.8,0,0,0,0,0,2
21,AB,1,10,False,1,270,1,1,"[1, 0]",7.3800740242004395,458,2,1167.399999999998,456.5999999999969,1.0,-1.0,-0.8,0,0,0,0,0,2
21,AB,1,10,False,1,270,1,1,"[1, 0]",7.395788192749023,459,2,1166.399999999998,455.7999999999969,1.0,-1.0,-0.8,0,0,0,0,0,2
21,AB,1,10,False,1,270,1,1,"[1, 0]",7.411490201950073,460,2,1165.399999999998,454.9999999999969,1.0,-1.0,-0.8,0,0,0,0,0,2
21,AB,1,10,False,1,270,1,1,"[1, 0]",7.4282660484313965,461,2,1164.399999999998,454.19999999999686,1.0,-1.2,-0.8,1,0,0,1,0,2
21,AB,1,10,False,1,270,1,1,"[1, 0]",7.444380044937134,462,2,1163.199999999998,453.39999999999685,0.0,-1.2,-0.8,0,0,0,0,0,2
21,AB,1,10,False,1,270,1,1,"[1, 0]",7.460528135299683,463,2,1161.999999999998,452.59999999999684,1.0,-1.2,-0.8,0,0,0,0,0,2
21,AB,1,10,False,1,270,1,1,"[1, 0]",7.476673126220703,464,2,1160.799999999998,451.7999999999968,1.0,-1.2,-0.8,0,0,0,0,0,2
21,AB,1,10,False,1,270,1,1,"[1, 0]",7.492770195007324,465,2,1159.5999999999979,450.9999999999968,1.0,-1.2,-0.8,0,0,0,0,0,2
21,AB,1,10,False,1,270,1,1,"[1, 0]",7.5088210105896,466,2,1158.3999999999978,450.1999999999968,2.0,-1.2,-0.8,0,0,0,0,0,2
21,AB,1,10,False,1,270,1,1,"[1, 0]",7.525067090988159,467,2,1157.1999999999978,449.3999999999968,2.0,-1.2,-0.8,0,0,0,0,0,2
21,AB,1,10,False,1,270,1,1,"[1, 0]",7.54111909866333,468,2,1155.9999999999977,448.5999999999968,3.0,-1.2,-0.8,0,0,0,0,0,2
21,AB,1,10,False,1,270,1,1,"[1, 0]",7.557201147079468,469,2,1154.7999999999977,447.79999999999677,4.0,-1.2,-0.8,0,0,0,0,0,2
21,AB,1,10,False,1,270,1,1,"[1, 0]",7.5733091831207275,470,2,1153.5999999999976,446.99999999999676,4.0,-1.2,-0.8,0,0,0,0,0,2
21,AB,1,10,False,1,270,1,1,"[1, 0]",7.589391231536865,471,2,1152.3999999999976,446.19999999999675,4.0,-1.2,-0.8,0,0,0,0,0,2
21,AB,1,10,False,1,270,1,1,"[1, 0]",7.606439113616943,472,2,1151.1999999999975,445.39999999999674,5.0,-1.2,-1.0,1,1,0,0,0,2
21,AB,1,10,False,1,270,1,1,"[1, 0]",7.622530221939087,473,2,1149.9999999999975,444.39999999999674,5.0,-1.2,-1.0,0,0,0,0,0,2
21,AB,1,10,False,1,270,1,1,"[1, 0]",7.638606071472168,474,2,1148.7999999999975,443.39999999999674,5.0,-1.2,-1.0,0,0,0,0,0,2
21,AB,1,10,False,1,270,1,1,"[1, 0]",7.654615163803101,475,2,1147.5999999999974,442.39999999999674,6.0,-1.2,-1.0,0,0,0,0,0,2
21,AB,1,10,False,1,270,1,1,"[1, 0]",7.670687198638916,476,2,1146.3999999999974,441.39999999999674,6.0,-1.4,-1.0,1,0,0,1,0,2
21,AB,1,10,False,1,270,1,1,"[1, 0]",7.686830997467041,477,2,1144.9999999999973,440.39999999999674,6.0,-1.4,-1.0,0,0,0,0,0,2
21,AB,1,10,False,1,270,1,1,"[1, 0]",7.702502012252808,478,2,1143.5999999999972,439.39999999999674,7.0,-1.4,-1.0,0,0,0,0,0,2
21,AB,1,10,False,1,270,1,1,"[1, 0]",7.719214200973511,479,2,1142.199999999997,438.39999999999674,7.0,-1.4,-1.0,0,0,0,0,0,2
21,AB,1,10,False,1,270,1,1,"[1, 0]",7.734544038772583,480,2,1140.799999999997,437.39999999999674,7.0,-1.4,-1.0,0,0,0,0,0,2
21,AB,1,10,False,1,270,1,1,"[1, 0]",7.751242160797119,481,2,1139.399999999997,436.39999999999674,8.0,-1.4,-1.0,0,0,0,0,0,2
21,AB,1,10,False,1,270,1,1,"[1, 0]",7.766957998275757,482,2,1137.9999999999968,435.39999999999674,8.0,-1.4,-1.0,0,0,0,0,0,2
21,AB,1,10,False,1,270,1,1,"[1, 0]",7.782682180404663,483,2,1136.5999999999967,434.39999999999674,8.0,-1.4,-1.0,0,0,0,0,0,2
21,AB,1,10,False,1,270,1,1,"[1, 0]",7.7987871170043945,484,2,1135.1999999999966,433.39999999999674,8.0,-1.4,-1.2,1,1,0,0,0,2
21,AB,1,10,False,1,270,1,1,"[1, 0]",7.814911127090454,485,2,1133.7999999999965,432.19999999999675,9.0,-1.4,-1.2,0,0,0,0,0,2
21,AB,1,10,False,1,270,1,1,"[1, 0]",7.831023216247559,486,2,1132.3999999999965,430.99999999999676,8.0,-1.4,-1.2,0,0,0,0,0,2
21,AB,1,10,False,1,270,1,1,"[1, 0]",7.847110033035278,487,2,1130.9999999999964,429.79999999999677,8.0,-1.4,-1.2,0,0,0,0,0,2
21,AB,1,10,False,1,270,1,1,"[1, 0]",7.863201141357422,488,2,1129.5999999999963,428.5999999999968,9.0,-1.4,-1.2,0,0,0,0,0,2
21,AB,1,10,False,1,270,1,1,"[1, 0]",7.878456115722656,489,2,1128.1999999999962,427.3999999999968,9.0,-1.5999999999999999,-1.2,1,0,0,1,0,2
21,AB,1,10,False,1,270,1,1,"[1, 0]",7.895135164260864,490,2,1126.5999999999963,426.1999999999968,9.0,-1.5999999999999999,-1.2,0,0,0,0,0,2
21,AB,1,10,False,1,270,1,1,"[1, 0]",7.910778045654297,491,2,1124.9999999999964,424.9999999999968,9.0,-1.5999999999999999,-1.2,0,0,0,0,0,2
21,AB,1,10,False,1,270,1,1,"[1, 0]",7.9264891147613525,492,2,1123.3999999999965,423.7999999999968,8.0,-1.5999999999999999,-1.2,0,0,0,0,0,2
21,AB,1,10,False,1,270,1,1,"[1, 0]",7.943273067474365,493,2,1121.7999999999965,422.59999999999684,8.0,-1.5999999999999999,-1.2,0,0,0,0,0,2
21,AB,1,10,False,1,270,1,1,"[1, 0]",7.95909309387207,494,2,1120.1999999999966,421.39999999999685,8.0,-1.5999999999999999,-1.2,0,0,0,0,0,2
21,AB,1,10,False,1,270,1,1,"[1, 0]",7.974909067153931,495,2,1118.5999999999967,420.19999999999686,8.0,-1.5999999999999999,-1.2,0,0,0,0,0,2
21,AB,1,10,False,1,270,1,1,"[1, 0]",7.990691184997559,496,2,1116.9999999999968,418.9999999999969,9.0,-1.5999999999999999,-1.2,0,0,0,0,0,2
21,AB,1,10,False,1,270,1,1,"[1, 0]",8.007468223571777,497,2,1115.399999999997,417.7999999999969,9.0,-1.5999999999999999,-1.2,0,0,0,0,0,2
21,AB,1,10,False,1,270,1,1,"[1, 0]",8.024296998977661,498,2,1113.799999999997,416.5999999999969,8.0,-1.5999999999999999,-1.2,0,0,0,0,0,2
21,AB,1,10,False,1,270,1,1,"[1, 0]",8.040107011795044,499,2,1112.199999999997,415.3999999999969,8.0,-1.5999999999999999,-1.4,1,1,0,0,0,2
21,AB,1,10,False,1,270,1,1,"[1, 0]",8.055932998657227,500,2,1110.5999999999972,413.99999999999693,8.0,-1.7999999999999998,-1.4,1,0,0,1,0,2
21,AB,1,10,False,1,270,1,1,"[1, 0]",8.071749210357666,501,2,1108.7999999999972,412.59999999999695,8.0,-1.7999999999999998,-1.4,0,0,0,0,0,2
21,AB,1,10,False,1,270,1,1,"[1, 0]",8.087587118148804,502,2,1106.9999999999973,411.199999999997,7.0,-1.7999999999999998,-1.4,0,0,0,0,0,2
21,AB,1,10,False,1,270,1,1,"[1, 0]",8.103710174560547,503,2,1105.1999999999973,409.799999999997,7.0,-1.7999999999999998,-1.4,0,0,0,0,0,2
21,AB,1,10,False,1,270,1,1,"[1, 0]",8.119822025299072,504,2,1103.3999999999974,408.399999999997,6.0,-1.7999999999999998,-1.4,0,0,0,0,0,2
21,AB,1,10,False,1,270,1,1,"[1, 0]",8.135946035385132,505,2,1101.5999999999974,406.99999999999704,6.0,-1.7999999999999998,-1.4,0,0,0,0,0,2
21,AB,1,10,False,1,270,1,1,"[1, 0]",8.152080059051514,506,2,1099.7999999999975,405.59999999999707,6.0,-1.7999999999999998,-1.4,0,0,0,0,0,2
21,AB,1,10,False,1,270,1,1,"[1, 0]",8.168216228485107,507,2,1097.9999999999975,404.1999999999971,5.0,-1.7999999999999998,-1.4,0,0,0,0,0,2
21,AB,1,10,False,1,270,1,1,"[1, 0]",8.183350086212158,508,2,1096.1999999999975,402.7999999999971,4.0,-1.7999999999999998,-1.4,0,0,0,0,0,2
21,AB,1,10,False,1,270,1,1,"[1, 0]",8.19948410987854,509,2,1094.3999999999976,401.39999999999714,4.0,-1.7999999999999998,-1.4,0,0,0,0,0,2
21,AB,1,10,False,1,270,1,1,"[1, 0]",8.215625047683716,510,2,1092.5999999999976,399.99999999999716,3.0,-1.7999999999999998,-1.4,0,0,0,0,0,2
21,AB,1,10,False,1,270,1,1,"[1, 0]",8.231751203536987,511,2,1090.7999999999977,398.5999999999972,3.0,-1.7999999999999998,-1.4,0,0,0,0,0,2
21,AB,1,10,False,1,270,1,1,"[1, 0]",8.247944116592407,512,2,1088.9999999999977,397.1999999999972,2.0,-1.9999999999999998,-1.4,1,0,0,1,0,2
21,AB,1,10,False,1,270,1,1,"[1, 0]",8.26409101486206,513,2,1086.9999999999977,395.7999999999972,1.0,-1.9999999999999998,-1.4,0,0,0,0,0,2
21,AB,1,10,False,1,270,1,1,"[1, 0]",8.280220031738281,514,2,1084.9999999999977,394.39999999999725,0.0,-1.9999999999999998,-1.4,0,0,0,0,0,2
21,AB,1,10,False,1,270,1,1,"[1, 0]",8.296342134475708,515,2,1082.9999999999977,392.99999999999727,0.0,-1.9999999999999998,-1.4,0,0,0,0,0,2
21,AB,1,10,False,1,270,1,1,"[1, 0]",8.3124680519104,516,2,1080.9999999999977,391.5999999999973,0.0,-1.9999999999999998,-1.4,0,0,0,0,0,2
21,AB,1,10,False,1,270,1,1,"[1, 0]",8.32856822013855,517,2,1078.9999999999977,390.1999999999973,2.0,-1.9999999999999998,-1.4,0,0,0,0,0,2
21,AB,1,10,False,1,270,1,1,"[1, 0]",8.344704151153564,518,2,1076.9999999999977,388.79999999999734,2.0,-1.9999999999999998,-1.4,0,0,0,0,0,2
21,AB,1,10,False,1,270,1,1,"[1, 0]",8.360825061798096,519,2,1074.9999999999977,387.39999999999736,3.0,-1.9999999999999998,-1.4,0,0,0,0,0,2
21,AB,1,10,False,1,270,1,1,"[1, 0]",8.376865148544312,520,2,1072.9999999999977,385.9999999999974,4.0,-1.9999999999999998,-1.4,0,0,0,0,0,2
21,AB,1,10,False,1,270,1,1,"[1, 0]",8.392924070358276,521,2,1070.9999999999977,384.5999999999974,5.0,-1.9999999999999998,-1.2,1,0,1,0,0,2
21,AB,1,10,False,1,270,1,1,"[1, 0]",8.408998012542725,522,2,1068.9999999999977,383.3999999999974,6.0,-1.9999999999999998,-1.2,0,0,0,0,0,2
21,AB,1,10,False,1,270,1,1,"[1, 0]",8.42507004737854,523,2,1066.9999999999977,382.19999999999743,6.0,-1.9999999999999998,-1.2,0,0,0,0,0,2
21,AB,1,10,False,1,270,1,1,"[1, 0]",8.441161155700684,524,2,1064.9999999999977,380.99999999999744,7.0,-2.1999999999999997,-1.2,1,0,0,1,0,2
21,AB,1,10,False,1,270,1,1,"[1, 0]",8.45726203918457,525,2,1062.7999999999977,379.79999999999745,8.0,-2.1999999999999997,-1.2,0,0,0,0,0,2
21,AB,1,10,False,1,270,1,1,"[1, 0]",8.47326922416687,526,2,1060.5999999999976,378.59999999999746,9.0,-2.1999999999999997,-1.2,0,0,0,0,0,2
21,AB,1,10,False,1,270,1,1,"[1, 0]",8.489346027374268,527,2,1058.3999999999976,377.3999999999975,10.0,-2.1999999999999997,-1.2,0,0,0,0,0,2
21,AB,1,10,False,1,270,1,1,"[1, 0]",8.505389213562012,528,2,1056.1999999999975,376.1999999999975,11.0,-2.1999999999999997,-1.2,0,0,0,0,0,2
21,AB,1,10,False,1,270,1,1,"[1, 0]",8.52249813079834,529,2,1053.9999999999975,374.9999999999975,11.0,-2.1999999999999997,-1.2,0,0,0,0,0,2
21,AB,1,10,False,1,270,1,1,"[1, 0]",8.53858208656311,530,2,1051.7999999999975,373.7999999999975,12.0,-2.1999999999999997,-1.2,0,0,0,0,0,2
21,AB,1,10,False,1,270,1,1,"[1, 0]",8.55467414855957,531,2,1049.5999999999974,372.5999999999975,13.0,-2.1999999999999997,-1.2,0,0,0,0,0,2
21,AB,1,10,False,1,270,1,1,"[1, 0]",8.570759057998657,532,2,1047.3999999999974,371.39999999999753,15.0,-2.1999999999999997,-1.0,1,0,1,0,0,2
21,AB,1,10,False,1,270,1,1,"[1, 0]",8.586847066879272,533,2,1045.1999999999973,370.39999999999753,16.0,-2.1999999999999997,-1.0,0,0,0,0,0,2
21,AB,1,10,False,1,270,1,1,"[1, 0]",8.602962017059326,534,2,1042.9999999999973,369.39999999999753,17.0,-1.9999999999999998,-1.0,1,0,0,0,1,2
21,AB,1,10,False,1,270,1,1,"[1, 0]",8.619103193283081,535,2,1040.9999999999973,368.39999999999753,18.0,-1.9999999999999998,-1.0,0,0,0,0,0,2
21,AB,1,10,False,1,270,1,1,"[1, 0]",8.635268211364746,536,3,1038.9999999999973,367.39999999999753,19.0,-1.9999999999999998,-1.0,0,0,0,0,0,3
21,AB,1,10,False,1,270,1,1,"[1, 0]",8.651461124420166,537,3,1036.9999999999973,366.39999999999753,19.0,-1.9999999999999998,-1.0,0,0,0,0,0,3
21,AB,1,10,False,1,270,1,1,"[1, 0]",8.668424129486084,538,3,1034.9999999999973,365.39999999999753,20.0,-1.9999999999999998,-1.0,0,0,0,0,0,3
21,AB,1,10,False,1,270,1,1,"[1, 0]",8.684560060501099,539,3,1032.9999999999973,364.39999999999753,21.0,-1.9999999999999998,-1.0,0,0,0,0,0,3
21,AB,1,10,False,1,270,1,1,"[1, 0]",8.70066213607788,540,3,1030.9999999999973,363.39999999999753,22.0,-1.9999999999999998,-1.0,0,0,0,0,0,3
21,AB,1,10,False,1,270,1,1,"[1, 0]",8.716791152954102,541,3,1028.9999999999973,362.39999999999753,23.0,-1.9999999999999998,-1.0,0,0,0,0,0,3
21,AB,1,10,False,1,270,1,1,"[1, 0]",8.732868194580078,542,3,1026.9999999999973,361.39999999999753,23.0,-1.9999999999999998,-1.0,0,0,0,0,0,3
21,AB,1,10,False,1,270,1,1,"[1, 0]",8.748951196670532,543,3,1024.9999999999973,360.39999999999753,24.0,-1.9999999999999998,-1.0,0,0,0,0,0,3
21,AB,1,10,False,1,270,1,1,"[1, 0]",8.765023231506348,544,3,1022.9999999999973,359.39999999999753,24.0,-1.7999999999999998,-1.0,1,0,0,0,1,3
21,AB,1,10,False,1,270,1,1,"[1, 0]",8.78113603591919,545,3,1021.1999999999973,358.39999999999753,25.0,-1.7999999999999998,-1.0,0,0,0,0,0,3
21,AB,1,10,False,1,270,1,1,"[1, 0]",8.797213077545166,546,3,1019.3999999999974,357.39999999999753,25.0,-1.7999999999999998,-1.0,0,0,0,0,0,3
21,AB,1,10,False,1,270,1,1,"[1, 0]",8.813253164291382,547,3,1017.5999999999974,356.39999999999753,25.0,-1.7999999999999998,-1.0,0,0,0,0,0,3
21,AB,1,10,False,1,270,1,1,"[1, 0]",8.829357147216797,548,3,1015.7999999999975,355.39999999999753,26.0,-1.7999999999999998,-1.0,0,0,0,0,0,3
21,AB,1,10,False,1,270,1,1,"[1, 0]",8.845437049865723,549,3,1013.9999999999975,354.39999999999753,26.0,-1.7999999999999998,-1.0,0,0,0,0,0,3
21,AB,1,10,False,1,270,1,1,"[1, 0]",8.862521171569824,550,3,1012.1999999999975,353.39999999999753,26.0,-1.7999999999999998,-1.2,1,1,0,0,0,3
21,AB,1,10,False,1,270,1,1,"[1, 0]",8.878594160079956,551,3,1010.3999999999976,352.19999999999754,26.0,-1.7999999999999998,-1.2,0,0,0,0,0,3
21,AB,1,10,False,1,270,1,1,"[1, 0]",8.89469599723816,552,3,1008.5999999999976,350.99999999999756,26.0,-1.7999999999999998,-1.2,0,0,0,0,0,3
21,AB,1,10,False,1,270,1,1,"[1, 0]",8.910771131515503,553,3,1006.7999999999977,349.79999999999757,26.0,-1.5999999999999999,-1.2,1,0,0,0,1,3
21,AB,1,10,False,1,270,1,1,"[1, 0]",8.926989078521729,554,3,1005.1999999999977,348.5999999999976,26.0,-1.5999999999999999,-1.2,0,0,0,0,0,3
21,AB,1,10,False,1,270,1,1,"[1, 0]",8.943031072616577,555,3,1003.5999999999976,347.3999999999976,26.0,-1.5999999999999999,-1.2,0,0,0,0,0,3
21,AB,1,10,False,1,270,1,1,"[1, 0]",8.958803176879883,556,3,1001.9999999999976,346.1999999999976,26.0,-1.5999999999999999,-1.2,0,0,0,0,0,3
21,AB,1,10,False,1,270,1,1,"[1, 0]",8.97461199760437,557,3,1000.3999999999976,344.9999999999976,26.0,-1.5999999999999999,-1.2,0,0,0,0,0,3
21,AB,1,10,False,1,270,1,1,"[1, 0]",8.990714073181152,558,3,998.7999999999976,343.7999999999976,26.0,-1.5999999999999999,-1.2,0,0,0,0,0,3
21,AB,1,10,False,1,270,1,1,"[1, 0]",9.006801128387451,559,3,997.1999999999975,342.59999999999764,25.0,-1.5999999999999999,-1.2,0,0,0,0,0,3
21,AB,1,10,False,1,270,1,1,"[1, 0]",9.02292513847351,560,3,995.5999999999975,341.39999999999765,24.0,-1.5999999999999999,-1.2,0,0,0,0,0,3
21,AB,1,10,False,1,270,1,1,"[1, 0]",9.039051055908203,561,3,993.9999999999975,340.19999999999766,24.0,-1.4,-1.2,1,0,0,0,1,3
21,AB,1,10,False,1,270,1,1,"[1, 0]",9.055199146270752,562,3,992.5999999999975,338.99999999999767,24.0,-1.4,-1.4,1,1,0,0,0,3
21,AB,1,10,False,1,270,1,1,"[1, 0]",9.071337223052979,563,3,991.1999999999975,337.5999999999977,23.0,-1.4,-1.4,0,0,0,0,0,3
21,AB,1,10,False,1,270,1,1,"[1, 0]",9.087395191192627,564,3,989.7999999999976,336.1999999999977,23.0,-1.4,-1.4,0,0,0,0,0,3
21,AB,1,10,False,1,270,1,1,"[1, 0]",9.103531122207642,565,3,988.3999999999976,334.79999999999774,23.0,-1.4,-1.4,0,0,0,0,0,3
21,AB,1,10,False,1,270,1,1,"[1, 0]",9.119671106338501,566,3,986.9999999999976,333.39999999999776,22.0,-1.4,-1.4,0,0,0,0,0,3
21,AB,1,10,False,1,270,1,1,"[1, 0]",9.135784149169922,567,3,985.5999999999976,331.9999999999978,21.0,-1.4,-1.4,0,0,0,0,0,3
21,AB,1,10,False,1,270,1,1,"[1, 0]",9.151922225952148,568,3,984.1999999999977,330.5999999999978,20.0,-1.4,-1.4,0,0,0,0,0,3
21,AB,1,10,False,1,270,1,1,"[1, 0]",9.168062210083008,569,3,982.7999999999977,329.19999999999783,19.0,-1.4,-1.4,0,0,0,0,0,3
21,AB,1,10,False,1,270,1,1,"[1, 0]",9.18317723274231,570,3,981.3999999999977,327.79999999999785,18.0,-1.2,-1.4,1,0,0,0,1,3
21,AB,1,10,False,1,270,1,1,"[1, 0]",9.199321031570435,571,3,980.1999999999977,326.3999999999979,18.0,-1.2,-1.4,0,0,0,0,0,3
21,AB,1,10,False,1,270,1,1,"[1, 0]",9.215455055236816,572,3,978.9999999999976,324.9999999999979,17.0,-1.2,-1.4,0,0,0,0,0,3
21,AB,1,10,False,1,270,1,1,"[1, 0]",9.231592178344727,573,3,977.7999999999976,323.5999999999979,16.0,-1.2,-1.4,0,0,0,0,0,3
21,AB,1,10,False,1,270,1,1,"[1, 0]",9.247724056243896,574,3,976.5999999999975,322.19999999999794,15.0,-1.2,-1.4,0,0,0,0,0,3
21,AB,1,10,False,1,270,1,1,"[1, 0]",9.26386022567749,575,3,975.3999999999975,320.79999999999797,15.0,-1.2,-1.4,0,0,0,0,0,3
21,AB,1,10,False,1,270,1,1,"[1, 0]",9.279991149902344,576,3,974.1999999999974,319.399999999998,14.0,-1.2,-1.4,0,0,0,0,0,3
21,AB,1,10,False,1,270,1,1,"[1, 0]",9.296086072921753,577,3,972.9999999999974,317.999999999998,13.0,-1.2,-1.5999999999999999,1,1,0,0,0,3
21,AB,1,10,False,1,270,1,1,"[1, 0]",9.312231063842773,578,3,971.7999999999973,316.399999999998,12.0,-1.2,-1.5999999999999999,0,0,0,0,0,3
21,AB,1,10,False,1,270,1,1,"[1, 0]",9.328364133834839,579,3,970.5999999999973,314.79999999999797,11.0,-1.2,-1.5999999999999999,0,0,0,0,0,3
21,AB,1,10,False,1,270,1,1,"[1, 0]",9.344482183456421,580,3,969.3999999999972,313.19999999999794,9.0,-1.0,-1.5999999999999999,1,0,0,0,1,3
21,AB,1,10,False,1,270,1,1,"[1, 0]",9.36061716079712,581,3,968.3999999999972,311.5999999999979,8.0,-1.0,-1.5999999999999999,0,0,0,0,0,3
21,AB,1,10,False,1,270,1,1,"[1, 0]",9.376774072647095,582,4,967.3999999999972,309.9999999999979,7.0,-1.0,-1.5999999999999999,0,0,0,0,0,4
21,AB,1,10,False,1,270,1,1,"[1, 0]",9.392855167388916,583,4,966.3999999999972,308.3999999999979,7.0,-1.0,-1.5999999999999999,0,0,0,0,0,4
21,AB,1,10,False,1,270,1,1,"[1, 0]",9.408907175064087,584,4,965.3999999999972,306.79999999999785,5.0,-1.0,-1.5999999999999999,0,0,0,0,0,4
21,AB,1,10,False,1,270,1,1,"[1, 0]",9.424996137619019,585,4,964.3999999999972,305.19999999999783,4.0,-1.0,-1.5999999999999999,0,0,0,0,0,4
21,AB,1,10,False,1,270,1,1,"[1, 0]",9.441088199615479,586,4,963.3999999999972,303.5999999999978,3.0,-1.0,-1.5999999999999999,0,0,0,0,0,4
21,AB,1,10,False,1,270,1,1,"[1, 0]",9.457186222076416,587,4,962.3999999999972,301.9999999999978,3.0,-1.0,-1.7999999999999998,1,1,0,0,0,4
21,AB,1,10,False,1,270,1,1,"[1, 0]",9.473252058029175,588,4,961.3999999999972,300.1999999999978,1.0,-1.0,-1.7999999999999998,0,0,0,0,0,4
21,AB,1,10,False,1,270,1,1,"[1, 0]",9.489329099655151,589,4,960.3999999999972,298.39999999999776,1.0,-0.8,-1.7999999999999998,1,0,0,0,1,4
21,AB,1,10,False,1,270,1,1,"[1, 0]",9.505428075790405,590,4,959.5999999999973,296.59999999999775,1.0,-0.8,-1.7999999999999998,0,0,0,0,0,4
21,AB,1,10,False,1,270,1,1,"[1, 0]",9.522507190704346,591,4,958.7999999999973,294.79999999999774,2.0,-0.8,-1.7999999999999998,0,0,0,0,0,4
21,AB,1,10,False,1,270,1,1,"[1, 0]",9.53855299949646,592,4,957.9999999999974,292.9999999999977,2.0,-0.8,-1.7999999999999998,0,0,0,0,0,4
21,AB,1,10,False,1,270,1,1,"[1, 0]",9.554655075073242,593,4,957.1999999999974,291.1999999999977,3.0,-0.8,-1.7999999999999998,0,0,0,0,0,4
21,AB,1,10,False,1,270,1,1,"[1, 0]",9.570726156234741,594,4,956.3999999999975,289.3999999999977,4.0,-0.8,-1.7999999999999998,0,0,0,0,0,4
21,AB,1,10,False,1,270,1,1,"[1, 0]",9.586812019348145,595,4,955.5999999999975,287.5999999999977,4.0,-0.8,-1.7999999999999998,0,0,0,0,0,4
21,AB,1,10,False,1,270,1,1,"[1, 0]",9.602934122085571,596,4,954.7999999999976,285.7999999999977,5.0,-0.8,-1.7999999999999998,0,0,0,0,0,4
21,AB,1,10,False,1,270,1,1,"[1, 0]",9.619065999984741,597,4,953.9999999999976,283.99999999999767,6.0,-0.8,-1.7999999999999998,0,0,0,0,0,4
21,AB,1,10,False,1,270,1,1,"[1, 0]",9.635191202163696,598,4,953.1999999999977,282.19999999999766,7.0,-0.8,-1.9999999999999998,1,1,0,0,0,4
21,AB,1,10,False,1,270,1,1,"[1, 0]",9.651331186294556,599,4,952.3999999999977,280.19999999999766,8.0,-0.6000000000000001,-1.9999999999999998,1,0,0,0,1,4
21,AB,1,10,False,1,270,1,1,"[1, 0]",9.667482137680054,600,4,951.7999999999977,278.19999999999766,8.0,-0.6000000000000001,-1.9999999999999998,0,0,0,0,0,4
21,AB,1,10,False,1,270,1,1,"[1, 0]",9.683563232421875,601,4,951.1999999999977,276.19999999999766,9.0,-0.6000000000000001,-1.9999999999999998,0,0,0,0,0,4
21,AB,1,10,False,1,270,1,1,"[1, 0]",9.699695110321045,602,4,950.5999999999976,274.19999999999766,9.0,-0.6000000000000001,-1.9999999999999998,0,0,0,0,0,4
21,AB,1,10,False,1,270,1,1,"[1, 0]",9.715824127197266,603,4,949.9999999999976,272.19999999999766,10.0,-0.6000000000000001,-1.9999999999999998,0,0,0,0,0,4
21,AB,1,10,False,1,270,1,1,"[1, 0]",9.731963157653809,604,4,949.3999999999976,270.19999999999766,11.0,-0.6000000000000001,-1.9999999999999998,0,0,0,0,0,4
21,AB,1,10,False,1,270,1,1,"[1, 0]",9.748089075088501,605,4,948.7999999999976,268.19999999999766,11.0,-0.6000000000000001,-1.9999999999999998,0,0,0,0,0,4
21,AB,1,10,False,1,270,1,1,"[1, 0]",9.764214038848877,606,4,948.1999999999975,266.19999999999766,12.0,-0.6000000000000001,-1.9999999999999998,0,0,0,0,0,4
21,AB,1,10,False,1,270,1,1,"[1, 0]",9.78033709526062,607,4,947.5999999999975,264.19999999999766,12.0,-0.4000000000000001,-1.9999999999999998,1,0,0,0,1,4
21,AB,1,10,False,1,270,1,1,"[1, 0]",9.796249151229858,608,4,947.1999999999975,262.19999999999766,13.0,-0.4000000000000001,-1.9999999999999998,0,0,0,0,0,4
21,AB,1,10,False,1,270,1,1,"[1, 0]",9.812368154525757,609,4,946.7999999999976,260.19999999999766,13.0,-0.4000000000000001,-1.9999999999999998,0,0,0,0,0,4
21,AB,1,10,False,1,270,1,1,"[1, 0]",9.828472137451172,610,4,946.3999999999976,258.19999999999766,14.0,-0.4000000000000001,-1.9999999999999998,0,0,0,0,0,4
21,AB,1,10,False,1,270,1,1,"[1, 0]",9.84546709060669,611,4,945.9999999999976,256.19999999999766,14.0,-0.4000000000000001,-2.1999999999999997,1,1,0,0,0,4
21,AB,1,10,False,1,270,1,1,"[1, 0]",9.861562013626099,612,4,945.5999999999976,253.99999999999767,14.0,-0.4000000000000001,-2.1999999999999997,0,0,0,0,0,4
21,AB,1,10,False,1,270,1,1,"[1, 0]",9.877621173858643,613,4,945.1999999999977,251.79999999999768,15.0,-0.4000000000000001,-2.1999999999999997,0,0,0,0,0,4
21,AB,1,10,False,1,270,1,1,"[1, 0]",9.893691062927246,614,4,944.7999999999977,249.5999999999977,15.0,-0.4000000000000001,-2.1999999999999997,0,0,0,0,0,4
21,AB,1,10,False,1,270,1,1,"[1, 0]",9.90973711013794,615,4,944.3999999999977,247.3999999999977,16.0,-0.4000000000000001,-2.1999999999999997,0,0,0,0,0,4
21,AB,1,10,False,1,270,1,1,"[1, 0]",9.925884008407593,616,4,943.9999999999977,245.19999999999771,16.0,-0.20000000000000007,-2.1999999999999997,1,0,0,0,1,4
21,AB,1,10,False,1,270,1,1,"[1, 0]",9.94157099723816,617,4,943.7999999999977,242.99999999999773,16.0,-0.20000000000000007,-2.1999999999999997,0,0,0,0,0,4
21,AB,1,10,False,1,270,1,1,"[1, 0]",9.958254098892212,618,4,943.5999999999976,240.79999999999774,16.0,-0.20000000000000007,-2.1999999999999997,0,0,0,0,0,4
21,AB,1,10,False,1,270,1,1,"[1, 0]",9.973937034606934,619,4,943.3999999999976,238.59999999999775,17.0,-0.20000000000000007,-2.1999999999999997,0,0,0,0,0,4
21,AB,1,10,False,1,270,1,1,"[1, 0]",9.989622116088867,620,4,943.1999999999975,236.39999999999776,17.0,-0.20000000000000007,-2.1999999999999997,0,0,0,0,0,4
21,AB,1,10,False,1,270,1,1,"[1, 0]",10.00630521774292,621,4,942.9999999999975,234.19999999999777,17.0,-0.20000000000000007,-2.1999999999999997,0,0,0,0,0,4
21,AB,1,10,False,1,270,1,1,"[1, 0]",10.02198600769043,622,4,942.7999999999975,231.99999999999778,16.0,-0.20000000000000007,-2.1999999999999997,0,0,0,0,0,4
21,AB,1,10,False,1,270,1,1,"[1, 0]",10.037667036056519,623,4,942.5999999999974,229.7999999999978,16.0,-0.20000000000000007,-2.4,1,1,0,0,0,4
21,AB,1,10,False,1,270,1,1,"[1, 0]",10.054356098175049,624,4,942.3999999999974,227.3999999999978,17.0,-0.20000000000000007,-2.4,0,0,0,0,0,4
21,AB,1,10,False,1,270,1,1,"[1, 0]",10.070019006729126,625,4,942.1999999999973,224.99999999999778,17.0,-5.551115123125783e-17,-2.4,1,0,0,0,1,4
21,AB,1,10,False,1,270,1,1,"[1, 0]",10.08570408821106,626,4,942.1999999999973,222.59999999999778,17.0,-5.551115123125783e-17,-2.4,0,0,0,0,0,4
21,AB,1,10,False,1,270,1,1,"[1, 0]",10.102387189865112,627,4,942.1999999999973,220.19999999999777,17.0,-5.551115123125783e-17,-2.4,0,0,0,0,0,4
21,AB,1,10,False,1,270,1,1,"[1, 0]",10.119070053100586,628,4,942.1999999999973,217.79999999999777,17.0,-5.551115123125783e-17,-2.4,0,0,0,0,0,4
21,AB,1,10,False,1,270,1,1,"[1, 0]",10.134756088256836,629,4,942.1999999999973,215.39999999999776,17.0,-5.551115123125783e-17,-2.4,0,0,0,0,0,4
21,AB,1,10,False,1,270,1,1,"[1, 0]",10.151441097259521,630,4,942.1999999999973,212.99999999999775,17.0,-5.551115123125783e-17,-2.4,0,0,0,0,0,4
21,AB,1,10,False,1,270,1,1,"[1, 0]",10.168127059936523,631,4,942.1999999999973,210.59999999999775,17.0,-5.551115123125783e-17,-2.4,0,0,0,0,0,4
21,AB,1,10,False,1,270,1,1,"[1, 0]",10.18381118774414,632,4,942.1999999999973,208.19999999999774,17.0,-5.551115123125783e-17,-2.4,0,0,0,0,0,4
21,AB,1,10,False,1,270,1,1,"[1, 0]",10.199498176574707,633,4,942.1999999999973,205.79999999999774,17.0,-5.551115123125783e-17,-2.4,0,0,0,0,0,4
21,AB,1,10,False,1,270,1,1,"[1, 0]",10.216179132461548,634,4,942.1999999999973,203.39999999999773,17.0,0.19999999999999996,-2.4,1,0,0,0,1,4
21,AB,1,10,False,1,270,1,1,"[1, 0]",10.231886148452759,635,4,942.3999999999974,200.99999999999773,17.0,0.19999999999999996,-2.4,0,0,0,0,0,4
21,AB,1,10,False,1,270,1,1,"[1, 0]",10.247568130493164,636,4,942.5999999999974,198.59999999999772,16.0,0.19999999999999996,-2.4,0,0,0,0,0,4
21,AB,1,10,False,1,270,1,1,"[1, 0]",10.264255046844482,637,4,942.7999999999975,196.19999999999771,16.0,0.19999999999999996,-2.6,1,1,0,0,0,4
21,AB,1,10,False,1,270,1,1,"[1, 0]",10.279996156692505,638,4,942.9999999999975,193.59999999999772,16.0,0.19999999999999996,-2.6,0,0,0,0,0,4
21,AB,1,10,False,1,270,1,1,"[1, 0]",10.29619812965393,639,4,943.1999999999975,190.99999999999773,16.0,0.19999999999999996,-2.6,0,0,0,0,0,4
21,AB,1,10,False,1,270,1,1,"[1, 0]",10.311800003051758,640,4,943.3999999999976,188.39999999999773,16.0,0.19999999999999996,-2.6,0,0,0,0,0,4
21,AB,1,10,False,1,270,1,1,"[1, 0]",10.32774019241333,641,4,943.5999999999976,185.79999999999774,15.0,0.19999999999999996,-2.6,0,0,0,0,0,4
21,AB,1,10,False,1,270,1,1,"[1, 0]",10.343654155731201,642,4,943.7999999999977,183.19999999999774,15.0,0.19999999999999996,-2.6,0,0,0,0,0,4
21,AB,1,10,False,1,270,1,1,"[1, 0]",10.359568119049072,643,4,943.9999999999977,180.59999999999775,15.0,0.19999999999999996,-2.6,0,0,0,0,0,4
21,AB,1,10,False,1,270,1,1,"[1, 0]",10.37556505203247,644,4,944.1999999999978,177.99999999999775,15.0,0.39999999999999997,-2.6,1,0,0,0,1,4
21,AB,1,10,False,1,270,1,1,"[1, 0]",10.392459154129028,645,4,944.5999999999977,175.39999999999776,14.0,0.39999999999999997,-2.6,0,0,0,0,0,4
21,AB,1,10,False,1,270,1,1,"[1, 0]",10.408574104309082,646,4,944.9999999999977,172.79999999999777,14.0,0.39999999999999997,-2.6,0,0,0,0,0,4
21,AB,1,10,False,1,270,1,1,"[1, 0]",10.425374031066895,647,4,945.3999999999977,170.19999999999777,14.0,0.39999999999999997,-2.6,0,0,0,0,0,4
21,AB,1,10,False,1,270,1,1,"[1, 0]",10.44108510017395,648,4,945.7999999999977,167.59999999999778,13.0,0.39999999999999997,-2.6,0,0,0,0,0,4
21,AB,1,10,False,1,270,1,1,"[1, 0]",10.456805229187012,649,4,946.1999999999977,164.99999999999778,13.0,0.39999999999999997,-2.6,0,0,0,0,0,4
21,AB,1,10,False,1,270,1,1,"[1, 0]",10.473519086837769,650,4,946.5999999999976,162.3999999999978,12.0,0.39999999999999997,-2.8000000000000003,1,1,0,0,0,4
21,AB,1,10,False,1,270,1,1,"[1, 0]",10.490239143371582,651,4,946.9999999999976,159.59999999999778,12.0,0.39999999999999997,-2.8000000000000003,0,0,0,0,0,4
21,AB,1,10,False,1,270,1,1,"[1, 0]",10.505918025970459,652,4,947.3999999999976,156.79999999999777,12.0,0.39999999999999997,-2.8000000000000003,0,0,0,0,0,4
21,AB,1,10,False,1,270,1,1,"[1, 0]",10.521623134613037,653,4,947.7999999999976,153.99999999999775,11.0,0.6,-2.8000000000000003,1,0,0,0,1,4
21,AB,1,10,False,1,270,1,1,"[1, 0]",10.538344144821167,654,4,948.3999999999976,151.19999999999774,11.0,0.6,-2.8000000000000003,0,0,0,0,0,4
21,AB,1,10,False,1,270,1,1,"[1, 0]",10.554059028625488,655,4,948.9999999999976,148.39999999999773,10.0,0.6,-2.8000000000000003,0,0,0,0,0,4
21,AB,1,10,False,1,270,1,1,"[1, 0]",10.570120096206665,656,4,949.5999999999976,145.59999999999772,9.0,0.6,-2.8000000000000003,0,0,0,0,0,4
21,AB,1,10,False,1,270,1,1,"[1, 0]",10.585840225219727,657,4,950.1999999999977,142.7999999999977,9.0,0.6,-2.8000000000000003,0,0,0,0,0,4
21,AB,1,10,False,1,270,1,1,"[1, 0]",10.601546049118042,658,4,950.7999999999977,139.9999999999977,8.0,0.6,-2.8000000000000003,0,0,0,0,0,4
21,AB,1,10,False,1,270,1,1,"[1, 0]",10.61826205253601,659,4,951.3999999999977,137.1999999999977,8.0,0.6,-2.8000000000000003,0,0,0,0,0,4
